# old	new	kind
Dsc_Isolation_Contract	IsaRRI_Refine	session
Dsc_LLVM	IsaRRI	session
Dsc_LLVM_Adaptive_Base	IsaRRI_Refine	session
Dsc_LLVM_Adaptive_Loop_Refine_Check	IsaRRI_Refine	session
Dsc_LLVM_Adaptive_Reflect_Check	IsaRRI_Refine	session
Dsc_LLVM_Base	IsaRRI_LLVM	session
Dsc_LLVM_Bisection_Loop_Refine_Check	IsaRRI_Refine	session
Dsc_LLVM_Deflation_Geom_Check	IsaRRI_Refine	session
Dsc_LLVM_Deflation_Loop_Check	IsaRRI_Refine	session
Dsc_LLVM_Deflation_Reflect_Check	IsaRRI_Refine	session
Dsc_LLVM_Deflation_Spec_Check	IsaRRI_Refine	session
Dsc_LLVM_Deflation_Strong_Check	IsaRRI	session
Dsc_LLVM_Kiou_Bound_Refine_Check	IsaRRI_Refine	session
Dsc_LLVM_Lowdeg_Reflect_Check	IsaRRI_Refine	session
Dsc_LLVM_Lowdeg_Strong_Check	IsaRRI	session
Dsc_LLVM_Power_Substitution_Entry_Check	IsaRRI	session
Dsc_LLVM_Power_Substitution_Strong_Check	IsaRRI	session
Dsc_LLVM_Powsub_Wrapper_Check	IsaRRI	session
Dsc_LLVM_Powsub_Wrapper_Final_Check	IsaRRI	session
Dsc_LLVM_Shared_Base	IsaRRI_LLVM	session
Dsc_LLVM_Solvers_Base	IsaRRI_LLVM	session
Dsc_LLVM_Split_Bail_Base	IsaRRI_Refine	session
Dsc_LLVM_Split_Newton_Base	IsaRRI_Refine	session
Dsc_LLVM_Split_Truncate_Base	IsaRRI_Refine	session
Dsc_LLVM_Vacuity_Probe_Check	IsaRRI	session
Dsc_NewDsc_Strong_Check	IsaRRI	session
Dsc_Spec	IsaRRI_Spec	session
Dsc_Spec_Deflation	IsaRRI_Spec	session
Dsc_Spec_Kiou_Bound	IsaRRI_Spec	session
Dsc_Spec_Lowdeg	IsaRRI_Spec	session
Dsc_Spec_Power_Substitution	IsaRRI_Spec	session
F_nonpos_of_ramp	F_nonpos_of_err_ramp	name
Powsub_Wrapper_Final	Isarri_Correct	theory
Powsub_Wrapper_Mem	Isarri_Memory	theory
Powsub_Wrapper_Paths	Isarri_Paths	theory
adaptive_split_children_rebuild_tail_l4	hybrid_split_children_rebuild_tail_skip_right	name
all_dsc_powsub_main	isarri	name
all_dsc_powsub_main_wrapper	isarri_wrapper	name
all_dsc_powsub_main_wrapper_correct	isarri_correct_paths	name
all_dsc_powsub_main_wrapper_correct_of_pre	isarri_correct	name
all_dsc_powsub_main_wrapper_rule	isarri_wrapper_rule	name
carried_left_right_l4_bind	carried_left_right_skip_right_bind	name
carried_left_right_l4_correct	carried_left_right_skip_right_correct	name
carried_left_right_l4_impl	carried_left_right_skip_right_impl	name
carried_left_right_l4_impl_hnr	carried_left_right_skip_right_impl_hnr	name
carried_left_right_l4_monadic	carried_left_right_skip_right_monadic	name
carried_left_right_l4_nth0	carried_left_right_skip_right_nth0	name
children_mid_l4_assn	children_mid_skip_right_assn	name
defl_children_mid_l4_gex_agrees	defl_children_mid_skip_right_gex_agrees	name
defl_l4_decide_gbind	defl_right_empty_decide_gbind	name
defl_l4_decide_gbind_eta	defl_right_empty_decide_gbind_eta	name
e1_prune_certificate_imp_count_zero	count_zero_of_prune_certificate	name
e1_remdups_adj_const_le1	prune_remdups_adj_const_le1	name
e1_ruffini_step_nonneg	prune_ruffini_step_nonneg	name
e1_ruffini_step_nonpos	prune_ruffini_step_nonpos	name
e1_set_coeffs_Poly_subset	prune_set_coeffs_Poly_subset	name
e1_sign_changes_fold_nonneg_zero	prune_sign_changes_fold_nonneg_zero	name
e1_sign_changes_fold_nonpos_zero	prune_sign_changes_fold_nonpos_zero	name
e1_sign_changes_nonneg_zero	prune_sign_changes_nonneg_zero	name
e1_sign_changes_nonpos_zero	prune_sign_changes_nonpos_zero	name
e1_sign_changes_uniform_zero	prune_sign_changes_uniform_zero	name
e1_sign_changes_zero_uniform	prune_sign_changes_zero_uniform	name
e1_taylor_shift_list_nonneg	prune_taylor_shift_list_nonneg	name
e1_taylor_shift_list_nonpos	prune_taylor_shift_list_nonpos	name
l2_budget_mul	probe_reject_budget_mul	name
l2_carried_init_same_den_length	pipe_carried_init_same_den_length	name
l2_carried_init_same_den_mono	pipe_carried_init_same_den_mono	name
l2_carried_init_same_den_smult	pipe_carried_init_same_den_smult	name
l2_cert_loop_correct	probe_cert_loop_correct	name
l2_cert_loop_impl	probe_cert_loop_impl	name
l2_cert_loop_impl_hnr	probe_cert_loop_impl_hnr	name
l2_cert_loop_monadic	probe_cert_loop_monadic	name
l2_decide_sound	probe_decide_sound	name
l2_div_lower	probe_div_lower	name
l2_div_upper	probe_div_upper	name
l2_enclose_lower	probe_enclose_lower	name
l2_enclose_upper	probe_enclose_upper	name
l2_floor_lower	probe_floor_lower	name
l2_floor_upper	probe_floor_upper	name
l2_fold_sign_step_sgn_cong	pipe_fold_sign_step_sgn_cong	name
l2_gate_c	probe_reject_gate_c	name
l2_gate_impl	probe_reject_gate_impl	name
l2_gate_impl_hnr	probe_reject_gate_impl_hnr	name
l2_gate_mop	probe_reject_gate_mop	name
l2_gate_mop_admits_pos	probe_reject_gate_mop_admits_pos	name
l2_gate_mop_nofail	probe_reject_gate_mop_nofail	name
l2_pipe	probe_count_pipe	name
l2_pipe_count	probe_count_pipe_count	name
l2_pipe_impl	probe_count_pipe_impl	name
l2_pipe_impl_hnr	probe_count_pipe_impl_hnr	name
l2_pipe_length	probe_count_pipe_length	name
l2_pipe_monadic	probe_count_pipe_monadic	name
l2_pipe_monadic_correct	probe_count_pipe_monadic_correct	name
l2_pipe_mono	probe_count_pipe_mono	name
l2_pipe_smult	probe_count_pipe_smult	name
l2_probe_reject_impl	probe_reject_impl	name
l2_probe_reject_impl_hnr	probe_reject_impl_hnr	name
l2_probe_reject_monadic	probe_reject_monadic	name
l2_probe_reject_monadic_sound	probe_reject_monadic_sound	name
l2_probe_reject_monadic_val	probe_reject_monadic_val	name
l2_rev_mono	pipe_rev_mono	name
l2_ruffini_step_length	pipe_ruffini_step_length	name
l2_ruffini_step_mono	pipe_ruffini_step_mono	name
l2_ruffini_step_smult	pipe_ruffini_step_smult	name
l2_scale_ffs_length	pipe_scale_ffs_length	name
l2_scale_ffs_mono	pipe_scale_ffs_mono	name
l2_scale_ffs_smult	pipe_scale_ffs_smult	name
l2_scale_poly_list_aux_length	pipe_scale_poly_list_aux_length	name
l2_scale_poly_list_aux_mono	pipe_scale_poly_list_aux_mono	name
l2_scale_poly_list_aux_smult	pipe_scale_poly_list_aux_smult	name
l2_scale_poly_list_length	pipe_scale_poly_list_length	name
l2_scale_poly_list_mono	pipe_scale_poly_list_mono	name
l2_scale_poly_list_smult	pipe_scale_poly_list_smult	name
l2_sign_changes_fold_sgn_cong	pipe_sign_changes_fold_sgn_cong	name
l2_taylor_shift_list_length	pipe_taylor_shift_list_length	name
l2_taylor_shift_list_mono	pipe_taylor_shift_list_mono	name
l2_taylor_shift_list_smult	pipe_taylor_shift_list_smult	name
l2_trunc_le_incr	pipe_trunc_le_incr	name
l4_budget_mul	right_empty_budget_mul	name
l4_certified	right_empty_certified	name
l4_certified_count_zero	right_empty_certified_count_zero	name
l4_gate_c	right_empty_gate_c	name
l4_gate_impl	right_empty_gate_impl	name
l4_gate_impl_hnr	right_empty_gate_impl_hnr	name
l4_gate_mop	right_empty_gate_mop	name
l4_gate_mop_admits_pos	right_empty_gate_mop_admits_pos	name
l4_nonneg_body_impl	nonneg_scan_body_impl	name
l4_nonneg_body_impl_hnr	nonneg_scan_body_impl_hnr	name
l4_nonneg_body_mop_monadic	nonneg_scan_body_mop_monadic	name
l4_nonneg_cond	nonneg_scan_cond	name
l4_nonneg_cond_impl	nonneg_scan_cond_impl	name
l4_nonneg_cond_impl_hnr	nonneg_scan_cond_impl_hnr	name
l4_nonneg_state_assn	nonneg_scan_state_assn	name
l4_poly_Poly_1	poly_Poly_at_1	name
l4_ramp	err_ramp	name
l4_ramp_body_correct	err_ramp_body_correct	name
l4_ramp_body_impl	err_ramp_body_impl	name
l4_ramp_body_impl_hnr	err_ramp_body_impl_hnr	name
l4_ramp_body_monadic	err_ramp_body_monadic	name
l4_ramp_carried_left	err_ramp_carried_left	name
l4_ramp_ge	err_ramp_ge	name
l4_ramp_in_place_correct	err_ramp_in_place_correct	name
l4_ramp_in_place_impl	err_ramp_in_place_impl	name
l4_ramp_in_place_impl_hnr	err_ramp_in_place_impl_hnr	name
l4_ramp_in_place_monadic	err_ramp_in_place_monadic	name
l4_ramp_length	err_ramp_length	name
l4_ramp_loop_correct	err_ramp_loop_correct	name
l4_ramp_loop_impl	err_ramp_loop_impl	name
l4_ramp_loop_impl_hnr	err_ramp_loop_impl_hnr	name
l4_ramp_loop_monadic	err_ramp_loop_monadic	name
l4_ramp_nth	err_ramp_nth	name
l4_ramp_opt	err_ramp_opt	name
l4_ramp_opt_carried_left	err_ramp_opt_carried_left	name
l4_ramp_opt_length	err_ramp_opt_length	name
l4_shift	err_shift	name
l4_shift_length	err_shift_length	name
lowprec_arm_correct	right_empty_arm_correct	name
lowprec_arm_impl	right_empty_arm_impl	name
lowprec_arm_impl_hnr	right_empty_arm_impl_hnr	name
lowprec_arm_monadic	right_empty_arm_monadic	name
lowprec_neg_arm_correct	right_empty_neg_arm_correct	name
lowprec_neg_arm_impl	right_empty_neg_arm_impl	name
lowprec_neg_arm_impl_hnr	right_empty_neg_arm_impl_hnr	name
lowprec_neg_arm_monadic	right_empty_neg_arm_monadic	name
lowprec_right_empty_impl	right_empty_decide_impl	name
lowprec_right_empty_impl_hnr	right_empty_decide_impl_hnr	name
lowprec_right_empty_monadic	right_empty_decide_monadic	name
lowprec_right_empty_monadic_certifies	right_empty_decide_monadic_certifies	name
lowprec_right_empty_monadic_sound	right_empty_decide_monadic_sound	name
lowprec_right_empty_sound	right_empty_decide_sound	name
powsub_iso	pow_sub_entry_iso	name
powsub_store_interval_vec_keep	store_interval_vec_keep	name
powsub_store_keep_raw_rule	store_interval_vec_keep_raw_rule	name
sign_changes_fold_of_ramp	sign_changes_fold_of_err_ramp	name
split_children_l4_assn	split_children_skip_right_assn	name
truncate_children_mid_l4_agrees	truncate_children_mid_skip_right_agrees	name
truncate_children_mid_l4_decide_gbind	truncate_children_mid_skip_right_decide_gbind	name
truncate_children_mid_l4_decide_gbind_eta	truncate_children_mid_skip_right_decide_gbind_eta	name
truncate_children_mid_l4_gbounds	truncate_children_mid_skip_right_gbounds	name
truncate_children_mid_l4_gok	truncate_children_mid_skip_right_gok	name
truncate_children_mid_l4_impl	truncate_children_mid_skip_right_impl	name
truncate_children_mid_l4_impl_hnr	truncate_children_mid_skip_right_impl_hnr	name
truncate_children_mid_l4_monadic	truncate_children_mid_skip_right_monadic	name
v_e4_guard_cap_arith	v_guard_cap_arith	name
v_e5_guard_ceiling_cap	v_guard_ceiling_cap	name
v_e5_lock_payload_cap	v_lock_payload_cap	name
witness_powsub_exp	witness_pow_sub_exp	name
witness_powsub_extract	witness_pow_sub_extract	name
witness_powsub_h	witness_pow_sub_h	name
witness_powsub_poly	witness_pow_sub_poly	name
witness_powsub_qpre	witness_pow_sub_qpre	name
witness_powsub_squarefree	witness_pow_sub_squarefree	name
witness_powsub_support	witness_pow_sub_support	name
adaptive	hybrid	substring
Adaptive	Hybrid	substring
ADAPTIVE	HYBRID	substring
