case	family	degree	input_sha256	checker	recorded_reference	analytic	sturm	method	seconds	arm_counts
and01_nested_mignotte_d260_b440	nested_mignotte	260	09dba8f223aab9894635b9d4d5a9b210dea2272e7446692c1ae18def737061c9	f337c147	12	-1	12	Sturm	10.906000000000000000000000000000000000	anewdsc=12,anewdsc_i0=12,cgal=12,libpolysqf=12,msolve=12,parisqf=12,powsub_l4=12,sagesqf=13,z3sqf=12
and03_chebyshev_T_d181_b456	chebyshev_T	181	cc775df73283495cbc681e3dcba91a1aab30c452419f1a9b15eb06cbad606f00	f337c147	181	181	181	Sturm	0.0030000000000000000000000000000000000000	anewdsc=180,anewdsc_i0=181,cgal=181,libpolysqf=181,msolve=181,parisqf=181,powsub_l4=181,sagesqf=181,z3sqf=181
and04_chebyshev_U_d181_b457	chebyshev_U	181	c1e9a7495797c196e109e64a6c66446eaf8ef1cd02ff04058324e1e2ed1ac83a	f337c147	181	181	181	Sturm	0.0020000000000000000000000000000000000000	anewdsc=180,anewdsc_i0=181,cgal=181,libpolysqf=181,msolve=181,parisqf=181,powsub_l4=181,sagesqf=181,z3sqf=181
and05_gauss_sqrtn_d1448_b1026	gauss_sqrtn	1448	376ff2971a9d34e88ca6ddfa8ce9a04c4b5021a140c45cc0e4ab0a16fa6c7bd1	f337c147	12	-1	12	Sturm on f-1 and f+1	423.34100000000000000000000000000000000	anewdsc=13,anewdsc_i0=13,sagesqf=12
and05_gauss_sqrtn_d2048_b1027	gauss_sqrtn	2048	2c1a05c0c9a197a8bd71d794bb6385f7d3a4eec623d57065544fc5897d39b603	f337c147	14	-1	14	Sturm on f-1 and f+1	1036.1050000000000000000000000000000000	anewdsc=16,anewdsc_i0=16,sagesqf=14
and05_gauss_sqrtn_d3640_b1027	gauss_sqrtn	3640	e5ab66bb73019746973ab68134635f9e26a8e0f9d35eaf4ef188a160b8df5a0e	f337c147	16	-1	-	e_STACK	3137.0920000000000000000000000000000000	anewdsc=18,anewdsc_i0=18,sagesqf=16
and05_gauss_sqrtn_d44_b1025	gauss_sqrtn	44	59028ea88edf9a1a413db8defb7713e5da2a53befa291a68dde005eb07a0a49d	f337c147	8	-1	8	Sturm on f-1 and f+1	0.0060000000000000000000000000000000000000	anewdsc=8,anewdsc_i0=9,cgal=8,libpolysqf=8,msolve=8,parisqf=8,powsub_l4=8,sagesqf=8,z3sqf=8
and05_gauss_sqrtn_d512_b1026	gauss_sqrtn	512	b2f6d53efc41391dc22de36253e702832f7ef104a3cd69297c0eb979b7bffd81	f337c147	18	-1	18	Sturm on f-1 and f+1	16.808000000000000000000000000000000000	anewdsc=19,anewdsc_i0=19,msolve=18,powsub_l4=18,sagesqf=18
and06_gauss_logn_d22_b1026	gauss_logn	22	e27676ae09f639994d8be332e346d87f53feb7c7ca2e5a0c963afe533e8acc29	f337c147	6	-1	6	Sturm on f-1 and f+1	0.0050000000000000000000000000000000000000	anewdsc=7,anewdsc_i0=6,cgal=6,libpolysqf=6,msolve=6,parisqf=6,powsub_l4=6,sagesqf=6,z3sqf=6
and06_gauss_logn_d2896_b1030	gauss_logn	2896	7a82d300fc5f4fee5af3a708b1ff035b2be2e8ca8963bc47346e36cff4cbf30b	f337c147	16	-1	-	gp-died	-	anewdsc=16,anewdsc_i0=17,sagesqf=16
and07_hermite_d181_b1313	hermite	181	e84c02cd09c56a5a0fce4ed4811f38dd3f0bef310a86ca7f5492a0161732f34c	f337c147	181	181	181	Sturm	0.0040000000000000000000000000000000000000	anewdsc=180,anewdsc_i0=181,cgal=181,libpolysqf=181,msolve=181,parisqf=181,powsub_l4=181,sagesqf=181,z3sqf=181
and09_legendre_d181_b809	legendre	181	02c6473ea246c19f645cc94aef00709a8f1cff2d24e42a117f260227eafc3c9f	f337c147	181	181	181	Sturm	0.0040000000000000000000000000000000000000	anewdsc=180,anewdsc_i0=181,cgal=181,libpolysqf=181,msolve=181,parisqf=181,powsub_l4=181,sagesqf=181,z3sqf=181
and12_mignotte_irr_d129_b32	mignotte_irr	129	9c31152f02d4eab89ccaf03226a1d7ac2de32e46f2818de2bff850a121059e95	f337c147	3	-1	3	Sturm	0	anewdsc=4,anewdsc_i0=3,cgal=3,libpolysqf=3,msolve=3,parisqf=3,powsub_l4=3,sagesqf=3,z3sqf=3
