case	degree	category	scoring_count	counts_by_arm	credited_within_150s
and01_nested_mignotte_d260_b100	260	agree	12	anewdsc=12,anewdsc_i0=12,cgal=12,libpolysqf=12,msolve=12,parisqf=12,powsub_l4=12,sagesqf=12,z3sqf=12	IsaRRI,anewdsc,anewdsc_i0,cgal,libpoly,msolve,pari,sage,z3
and01_nested_mignotte_d260_b10240	260	agree	12	anewdsc=12,anewdsc_i0=12,powsub_l4=12	IsaRRI,anewdsc,anewdsc_i0
and01_nested_mignotte_d260_b1280	260	agree	12	anewdsc=12,anewdsc_i0=12,cgal=12,msolve=12,powsub_l4=12	IsaRRI,anewdsc,anewdsc_i0,cgal,msolve
and01_nested_mignotte_d260_b14480	260	agree	12	anewdsc=12,anewdsc_i0=12,powsub_l4=12	IsaRRI,anewdsc,anewdsc_i0
and01_nested_mignotte_d260_b160	260	agree	12	anewdsc=12,anewdsc_i0=12,cgal=12,libpolysqf=12,msolve=12,parisqf=12,powsub_l4=12,sagesqf=12,z3sqf=12	IsaRRI,anewdsc,anewdsc_i0,cgal,libpoly,msolve,pari,sage,z3
and01_nested_mignotte_d260_b1800	260	agree	12	anewdsc=12,anewdsc_i0=12,msolve=12,powsub_l4=12	IsaRRI,anewdsc,anewdsc_i0,msolve
and01_nested_mignotte_d260_b20480	260	agree	12	anewdsc=12,anewdsc_i0=12,powsub_l4=12	IsaRRI,anewdsc,anewdsc_i0
and01_nested_mignotte_d260_b220	260	agree	12	anewdsc=12,anewdsc_i0=12,cgal=12,libpolysqf=12,msolve=12,parisqf=12,powsub_l4=12,sagesqf=12,z3sqf=12	IsaRRI,anewdsc,anewdsc_i0,cgal,libpoly,msolve,pari,sage,z3
and01_nested_mignotte_d260_b2560	260	agree	12	anewdsc=12,anewdsc_i0=12,msolve=12,powsub_l4=12	IsaRRI,anewdsc,anewdsc_i0,msolve
and01_nested_mignotte_d260_b28960	260	agree	12	anewdsc=12,anewdsc_i0=12,powsub_l4=12	IsaRRI,anewdsc,anewdsc_i0
and01_nested_mignotte_d260_b320	260	agree	12	anewdsc=12,anewdsc_i0=12,cgal=12,libpolysqf=12,msolve=12,parisqf=12,powsub_l4=12,sagesqf=12,z3sqf=12	IsaRRI,anewdsc,anewdsc_i0,cgal,libpoly,msolve,pari,sage,z3
and01_nested_mignotte_d260_b3620	260	agree	12	anewdsc=12,anewdsc_i0=12,powsub_l4=12	IsaRRI,anewdsc,anewdsc_i0
and01_nested_mignotte_d260_b38	260	agree	12	anewdsc=12,anewdsc_i0=12,cgal=12,libpolysqf=12,msolve=12,parisqf=12,powsub_l4=12,sagesqf=12,z3sqf=12	IsaRRI,anewdsc,anewdsc_i0,cgal,libpoly,msolve,pari,sage,z3
and01_nested_mignotte_d260_b40960	260	agree	12	anewdsc=12,anewdsc_i0=12,powsub_l4=12	IsaRRI,anewdsc,anewdsc_i0
and01_nested_mignotte_d260_b440	260	settled	12	anewdsc=12,anewdsc_i0=12,cgal=12,libpolysqf=12,msolve=12,parisqf=12,powsub_l4=12,sagesqf=13,z3sqf=12	IsaRRI,anewdsc,anewdsc_i0,cgal,libpoly,msolve,pari,z3
and01_nested_mignotte_d260_b5120	260	agree	12	anewdsc=12,anewdsc_i0=12,powsub_l4=12	IsaRRI,anewdsc,anewdsc_i0
and01_nested_mignotte_d260_b57920	260	one-tool	12	anewdsc=12,anewdsc_i0=12	anewdsc,anewdsc_i0
and01_nested_mignotte_d260_b640	260	agree	12	anewdsc=12,anewdsc_i0=12,cgal=12,libpolysqf=12,msolve=12,parisqf=12,powsub_l4=12	IsaRRI,anewdsc,anewdsc_i0,cgal,libpoly,msolve,pari
and01_nested_mignotte_d260_b7240	260	agree	12	anewdsc=12,anewdsc_i0=12,powsub_l4=12	IsaRRI,anewdsc,anewdsc_i0
and01_nested_mignotte_d260_b79	260	agree	12	anewdsc=12,anewdsc_i0=12,cgal=12,libpolysqf=12,msolve=12,parisqf=12,powsub_l4=12,sagesqf=12,z3sqf=12	IsaRRI,anewdsc,anewdsc_i0,cgal,libpoly,msolve,pari,sage,z3
and01_nested_mignotte_d260_b81920	260	one-tool	12	anewdsc=12,anewdsc_i0=12	anewdsc,anewdsc_i0
and01_nested_mignotte_d260_b900	260	agree	12	anewdsc=12,anewdsc_i0=12,cgal=12,libpolysqf=12,msolve=12,parisqf=12,powsub_l4=12	IsaRRI,anewdsc,anewdsc_i0,cgal,libpoly,msolve,pari
and02_nested_mignotte_d1028_b140	1028	agree	12	anewdsc=12,anewdsc_i0=12,powsub_l4=12	IsaRRI,anewdsc,anewdsc_i0
and02_nested_mignotte_d11588_b140	11588	none	12		
and02_nested_mignotte_d132_b140	132	agree	12	anewdsc=12,anewdsc_i0=12,cgal=12,libpolysqf=12,msolve=12,parisqf=12,powsub_l4=12,sagesqf=12,z3sqf=12	IsaRRI,anewdsc,anewdsc_i0,cgal,libpoly,msolve,pari,sage,z3
and02_nested_mignotte_d1452_b140	1452	one-tool	12	anewdsc=12,anewdsc_i0=12	anewdsc,anewdsc_i0
and02_nested_mignotte_d180_b140	180	agree	12	anewdsc=12,anewdsc_i0=12,cgal=12,libpolysqf=12,msolve=12,parisqf=12,powsub_l4=12,sagesqf=12,z3sqf=12	IsaRRI,anewdsc,anewdsc_i0,cgal,libpoly,msolve,pari,sage,z3
and02_nested_mignotte_d2052_b140	2052	one-tool	12	anewdsc=12,anewdsc_i0=12	anewdsc,anewdsc_i0
and02_nested_mignotte_d260_b140	260	agree	12	anewdsc=12,anewdsc_i0=12,cgal=12,libpolysqf=12,msolve=12,parisqf=12,powsub_l4=12,sagesqf=12,z3sqf=12	IsaRRI,anewdsc,anewdsc_i0,cgal,libpoly,msolve,pari,sage,z3
and02_nested_mignotte_d2900_b140	2900	one-tool	12	anewdsc=12,anewdsc_i0=12	anewdsc,anewdsc_i0
and02_nested_mignotte_d364_b140	364	agree	12	anewdsc=12,anewdsc_i0=12,cgal=12,libpolysqf=12,msolve=12,parisqf=12,powsub_l4=12,z3sqf=12	IsaRRI,anewdsc,anewdsc_i0,cgal,libpoly,msolve,pari,z3
and02_nested_mignotte_d4100_b140	4100	one-tool	12	anewdsc=12,anewdsc_i0=12	anewdsc,anewdsc_i0
and02_nested_mignotte_d516_b140	516	agree	12	anewdsc=12,anewdsc_i0=12,cgal=12,libpolysqf=12,msolve=12,parisqf=12,powsub_l4=12	IsaRRI,anewdsc,anewdsc_i0,cgal,libpoly,msolve,pari
and02_nested_mignotte_d5796_b140	5796	one-tool	12	anewdsc=12,anewdsc_i0=12	anewdsc,anewdsc_i0
and02_nested_mignotte_d724_b140	724	agree	12	anewdsc=12,anewdsc_i0=12,libpolysqf=12,msolve=12,powsub_l4=12	IsaRRI,anewdsc,anewdsc_i0,libpoly,msolve
and02_nested_mignotte_d8196_b140	8196	one-tool	12	anewdsc=12,anewdsc_i0=12	
and03_chebyshev_T_d1024_b2599	1024	agree	1024	anewdsc=1024,anewdsc_i0=1024,cgal=1024,libpolysqf=1024,msolve=1024,parisqf=1024,powsub_l4=1024,sagesqf=1024	IsaRRI,anewdsc,anewdsc_i0,libpoly,msolve,pari,sage
and03_chebyshev_T_d128_b321	128	agree	128	anewdsc=128,anewdsc_i0=128,cgal=128,libpolysqf=128,msolve=128,parisqf=128,powsub_l4=128,sagesqf=128,z3sqf=128	IsaRRI,anewdsc,anewdsc_i0,cgal,libpoly,msolve,pari,sage,z3
and03_chebyshev_T_d1448_b3677	1448	agree	1448	anewdsc=1448,anewdsc_i0=1448,libpolysqf=1448,msolve=1448,parisqf=1448,powsub_l4=1448,sagesqf=1448	IsaRRI,anewdsc,anewdsc_i0,libpoly,msolve,pari,sage
and03_chebyshev_T_d181_b456	181	settled	181	anewdsc=180,anewdsc_i0=181,cgal=181,libpolysqf=181,msolve=181,parisqf=181,powsub_l4=181,sagesqf=181,z3sqf=181	IsaRRI,anewdsc_i0,cgal,libpoly,msolve,pari,sage,z3
and03_chebyshev_T_d2048_b5202	2048	agree	2048	msolve=2048,parisqf=2048,powsub_l4=2048,sagesqf=2048	IsaRRI,msolve,pari,sage
and03_chebyshev_T_d256_b646	256	agree	256	anewdsc=256,anewdsc_i0=256,cgal=256,libpolysqf=256,msolve=256,parisqf=256,powsub_l4=256,sagesqf=256,z3sqf=256	IsaRRI,anewdsc,anewdsc_i0,cgal,libpoly,msolve,pari,sage,z3
and03_chebyshev_T_d362_b916	362	agree	362	anewdsc=362,anewdsc_i0=362,cgal=362,libpolysqf=362,msolve=362,parisqf=362,powsub_l4=362,sagesqf=362,z3sqf=362	IsaRRI,anewdsc,anewdsc_i0,cgal,libpoly,msolve,pari,sage,z3
and03_chebyshev_T_d512_b1297	512	agree	512	anewdsc=512,anewdsc_i0=512,cgal=512,libpolysqf=512,msolve=512,parisqf=512,powsub_l4=512,sagesqf=512,z3sqf=512	IsaRRI,anewdsc,anewdsc_i0,cgal,libpoly,msolve,pari,sage,z3
and03_chebyshev_T_d724_b1836	724	agree	724	anewdsc=724,anewdsc_i0=724,cgal=724,libpolysqf=724,msolve=724,parisqf=724,powsub_l4=724,sagesqf=724,z3sqf=724	IsaRRI,anewdsc,anewdsc_i0,cgal,libpoly,msolve,pari,sage,z3
and04_chebyshev_U_d1024_b2599	1024	agree	1024	anewdsc=1024,anewdsc_i0=1024,cgal=1024,libpolysqf=1024,msolve=1024,parisqf=1024,powsub_l4=1024,sagesqf=1024	IsaRRI,anewdsc,anewdsc_i0,libpoly,msolve,pari,sage
and04_chebyshev_U_d128_b322	128	agree	128	anewdsc=128,anewdsc_i0=128,cgal=128,libpolysqf=128,msolve=128,parisqf=128,powsub_l4=128,sagesqf=128,z3sqf=128	IsaRRI,anewdsc,anewdsc_i0,cgal,libpoly,msolve,pari,sage,z3
and04_chebyshev_U_d1448_b3677	1448	agree	1448	anewdsc=1448,anewdsc_i0=1448,libpolysqf=1448,msolve=1448,parisqf=1448,powsub_l4=1448,sagesqf=1448	IsaRRI,anewdsc,anewdsc_i0,libpoly,msolve,pari,sage
and04_chebyshev_U_d181_b457	181	settled	181	anewdsc=180,anewdsc_i0=181,cgal=181,libpolysqf=181,msolve=181,parisqf=181,powsub_l4=181,sagesqf=181,z3sqf=181	IsaRRI,anewdsc_i0,cgal,libpoly,msolve,pari,sage,z3
and04_chebyshev_U_d2048_b5203	2048	agree	2048	msolve=2048,parisqf=2048,powsub_l4=2048,sagesqf=2048	IsaRRI,msolve,pari,sage
and04_chebyshev_U_d256_b647	256	agree	256	anewdsc=256,anewdsc_i0=256,cgal=256,libpolysqf=256,msolve=256,parisqf=256,powsub_l4=256,sagesqf=256,z3sqf=256	IsaRRI,anewdsc,anewdsc_i0,cgal,libpoly,msolve,pari,sage,z3
and04_chebyshev_U_d362_b917	362	agree	362	anewdsc=362,anewdsc_i0=362,cgal=362,libpolysqf=362,msolve=362,parisqf=362,powsub_l4=362,sagesqf=362,z3sqf=362	IsaRRI,anewdsc,anewdsc_i0,cgal,libpoly,msolve,pari,sage,z3
and04_chebyshev_U_d512_b1298	512	agree	512	anewdsc=512,anewdsc_i0=512,cgal=512,libpolysqf=512,msolve=512,parisqf=512,powsub_l4=512,sagesqf=512,z3sqf=512	IsaRRI,anewdsc,anewdsc_i0,cgal,libpoly,msolve,pari,sage,z3
and04_chebyshev_U_d724_b1837	724	agree	724	anewdsc=724,anewdsc_i0=724,cgal=724,libpolysqf=724,msolve=724,parisqf=724,powsub_l4=724,sagesqf=724,z3sqf=724	IsaRRI,anewdsc,anewdsc_i0,cgal,libpoly,msolve,pari,sage,z3
and05_gauss_sqrtn_d1024_b1027	1024	agree	10	anewdsc=10,anewdsc_i0=10,powsub_l4=10,sagesqf=10	IsaRRI,anewdsc,anewdsc_i0,sage
and05_gauss_sqrtn_d128_b1026	128	agree	12	anewdsc=12,anewdsc_i0=12,cgal=12,libpolysqf=12,msolve=12,parisqf=12,powsub_l4=12,sagesqf=12	IsaRRI,anewdsc,anewdsc_i0,cgal,libpoly,msolve,pari,sage
and05_gauss_sqrtn_d1448_b1026	1448	settled	12	anewdsc=13,anewdsc_i0=13,sagesqf=12	sage
and05_gauss_sqrtn_d16_b1025	16	agree	4	anewdsc=4,anewdsc_i0=4,cgal=4,libpolysqf=4,msolve=4,parisqf=4,powsub_l4=4,sagesqf=4,z3sqf=4	IsaRRI,anewdsc,anewdsc_i0,cgal,libpoly,msolve,pari,sage,z3
and05_gauss_sqrtn_d180_b1026	180	agree	16	anewdsc=16,anewdsc_i0=16,cgal=16,libpolysqf=16,msolve=16,parisqf=16,powsub_l4=16,sagesqf=16	IsaRRI,anewdsc,anewdsc_i0,cgal,libpoly,msolve,pari,sage
and05_gauss_sqrtn_d2048_b1027	2048	settled	14	anewdsc=16,anewdsc_i0=16,sagesqf=14	sage
and05_gauss_sqrtn_d22_b1024	22	agree	6	anewdsc=6,anewdsc_i0=6,cgal=6,libpolysqf=6,msolve=6,parisqf=6,powsub_l4=6,sagesqf=6,z3sqf=6	IsaRRI,anewdsc,anewdsc_i0,cgal,libpoly,msolve,pari,sage,z3
and05_gauss_sqrtn_d256_b1025	256	agree	16	anewdsc=16,anewdsc_i0=16,cgal=16,msolve=16,powsub_l4=16,sagesqf=16	IsaRRI,anewdsc,anewdsc_i0,cgal,msolve,sage
and05_gauss_sqrtn_d2746_b1027	2746	agree	16	anewdsc=16,anewdsc_i0=16,sagesqf=16	anewdsc,anewdsc_i0,sage
and05_gauss_sqrtn_d32_b1026	32	agree	8	anewdsc=8,anewdsc_i0=8,cgal=8,libpolysqf=8,msolve=8,parisqf=8,powsub_l4=8,sagesqf=8,z3sqf=8	IsaRRI,anewdsc,anewdsc_i0,cgal,libpoly,msolve,pari,sage,z3
and05_gauss_sqrtn_d362_b1025	362	agree	14	anewdsc=14,anewdsc_i0=14,cgal=14,msolve=14,powsub_l4=14,sagesqf=14	IsaRRI,anewdsc,anewdsc_i0,msolve,sage
and05_gauss_sqrtn_d3640_b1027	3640	settled	16	anewdsc=18,anewdsc_i0=18,sagesqf=16	sage
and05_gauss_sqrtn_d44_b1025	44	settled	8	anewdsc=8,anewdsc_i0=9,cgal=8,libpolysqf=8,msolve=8,parisqf=8,powsub_l4=8,sagesqf=8,z3sqf=8	IsaRRI,anewdsc,cgal,libpoly,msolve,pari,sage,z3
and05_gauss_sqrtn_d4832_b1026	4832	agree	14	anewdsc=14,anewdsc_i0=14,sagesqf=14	anewdsc,anewdsc_i0,sage
and05_gauss_sqrtn_d512_b1026	512	settled	18	anewdsc=19,anewdsc_i0=19,msolve=18,powsub_l4=18,sagesqf=18	IsaRRI,msolve,sage
and05_gauss_sqrtn_d6428_b1026	6428	agree	6	anewdsc=6,anewdsc_i0=6,sagesqf=6	anewdsc,anewdsc_i0,sage
and05_gauss_sqrtn_d64_b1025	64	agree	16	anewdsc=16,anewdsc_i0=16,cgal=16,libpolysqf=16,msolve=16,parisqf=16,powsub_l4=16,sagesqf=16,z3sqf=16	IsaRRI,anewdsc,anewdsc_i0,cgal,libpoly,msolve,pari,sage,z3
and05_gauss_sqrtn_d724_b1026	724	agree	20	anewdsc=20,anewdsc_i0=20,powsub_l4=20,sagesqf=20	IsaRRI,anewdsc,anewdsc_i0,sage
and05_gauss_sqrtn_d8594_b1027	8594	agree	8	anewdsc=8,anewdsc_i0=8,sagesqf=8	anewdsc,anewdsc_i0
and05_gauss_sqrtn_d90_b1026	90	agree	6	anewdsc=6,anewdsc_i0=6,cgal=6,libpolysqf=6,msolve=6,parisqf=6,powsub_l4=6,sagesqf=6,z3sqf=6	IsaRRI,anewdsc,anewdsc_i0,cgal,libpoly,msolve,pari,sage,z3
and06_gauss_logn_d1024_b1029	1024	agree	8	anewdsc=8,anewdsc_i0=8,powsub_l4=8,sagesqf=8	IsaRRI,anewdsc,anewdsc_i0,sage
and06_gauss_logn_d11584_b1031	11584	none	16		
and06_gauss_logn_d128_b1027	128	agree	8	anewdsc=8,anewdsc_i0=8,cgal=8,libpolysqf=8,msolve=8,parisqf=8,powsub_l4=8,sagesqf=8,z3sqf=8	IsaRRI,anewdsc,anewdsc_i0,cgal,libpoly,msolve,pari,sage,z3
and06_gauss_logn_d1448_b1030	1448	agree	12	anewdsc=12,anewdsc_i0=12,sagesqf=12	anewdsc,anewdsc_i0,sage
and06_gauss_logn_d16384_b1032	16384	none	20		
and06_gauss_logn_d16_b1025	16	agree	8	anewdsc=8,anewdsc_i0=8,cgal=8,libpolysqf=8,msolve=8,parisqf=8,powsub_l4=8,sagesqf=8,z3sqf=8	IsaRRI,anewdsc,anewdsc_i0,cgal,libpoly,msolve,pari,sage,z3
and06_gauss_logn_d180_b1028	180	agree	8	anewdsc=8,anewdsc_i0=8,cgal=8,libpolysqf=8,msolve=8,parisqf=8,powsub_l4=8,sagesqf=8	IsaRRI,anewdsc,anewdsc_i0,cgal,libpoly,msolve,pari,sage
and06_gauss_logn_d2048_b1030	2048	agree	12	anewdsc=12,anewdsc_i0=12,sagesqf=12	anewdsc,anewdsc_i0,sage
and06_gauss_logn_d22_b1026	22	settled	6	anewdsc=7,anewdsc_i0=6,cgal=6,libpolysqf=6,msolve=6,parisqf=6,powsub_l4=6,sagesqf=6,z3sqf=6	IsaRRI,anewdsc_i0,cgal,libpoly,msolve,pari,sage,z3
and06_gauss_logn_d256_b1028	256	agree	4	anewdsc=4,anewdsc_i0=4,cgal=4,msolve=4,parisqf=4,powsub_l4=4,sagesqf=4	IsaRRI,anewdsc,anewdsc_i0,cgal,msolve,pari,sage
and06_gauss_logn_d2896_b1030	2896	settled	16	anewdsc=16,anewdsc_i0=17,sagesqf=16	anewdsc,sage
and06_gauss_logn_d32_b1027	32	agree	4	anewdsc=4,anewdsc_i0=4,cgal=4,libpolysqf=4,msolve=4,parisqf=4,powsub_l4=4,sagesqf=4,z3sqf=4	IsaRRI,anewdsc,anewdsc_i0,cgal,libpoly,msolve,pari,sage,z3
and06_gauss_logn_d362_b1028	362	agree	10	anewdsc=10,anewdsc_i0=10,msolve=10,powsub_l4=10,sagesqf=10	IsaRRI,anewdsc,anewdsc_i0,msolve,sage
and06_gauss_logn_d4096_b1031	4096	agree	12	anewdsc=12,anewdsc_i0=12,sagesqf=12	anewdsc,anewdsc_i0,sage
and06_gauss_logn_d44_b1027	44	agree	4	anewdsc=4,anewdsc_i0=4,cgal=4,libpolysqf=4,msolve=4,parisqf=4,powsub_l4=4,sagesqf=4,z3sqf=4	IsaRRI,anewdsc,anewdsc_i0,cgal,libpoly,msolve,pari,sage,z3
and06_gauss_logn_d512_b1029	512	agree	8	anewdsc=8,anewdsc_i0=8,msolve=8,powsub_l4=8,sagesqf=8	IsaRRI,anewdsc,anewdsc_i0,msolve,sage
and06_gauss_logn_d5792_b1031	5792	agree	12	anewdsc=12,anewdsc_i0=12,sagesqf=12	anewdsc,anewdsc_i0,sage
and06_gauss_logn_d64_b1027	64	agree	4	anewdsc=4,anewdsc_i0=4,cgal=4,libpolysqf=4,msolve=4,parisqf=4,powsub_l4=4,sagesqf=4,z3sqf=4	IsaRRI,anewdsc,anewdsc_i0,cgal,libpoly,msolve,pari,sage,z3
and06_gauss_logn_d724_b1029	724	agree	12	anewdsc=12,anewdsc_i0=12,powsub_l4=12,sagesqf=12	IsaRRI,anewdsc,anewdsc_i0,sage
and06_gauss_logn_d8192_b1031	8192	none	12		
and06_gauss_logn_d90_b1027	90	agree	10	anewdsc=10,anewdsc_i0=10,cgal=10,libpolysqf=10,msolve=10,parisqf=10,powsub_l4=10,sagesqf=10,z3sqf=10	IsaRRI,anewdsc,anewdsc_i0,cgal,libpoly,msolve,pari,sage,z3
and07_hermite_d1024_b9875	1024	agree	1024	anewdsc=1024,anewdsc_i0=1024,libpolysqf=1024,msolve=1024,parisqf=1024,powsub_l4=1024	IsaRRI,anewdsc,anewdsc_i0,libpoly,msolve,pari
and07_hermite_d128_b869	128	agree	128	anewdsc=128,anewdsc_i0=128,cgal=128,libpolysqf=128,msolve=128,parisqf=128,powsub_l4=128,sagesqf=128,z3sqf=128	IsaRRI,anewdsc,anewdsc_i0,cgal,libpoly,msolve,pari,sage,z3
and07_hermite_d1448_b14668	1448	agree	1448	anewdsc=1448,anewdsc_i0=1448,libpolysqf=1448,msolve=1448,parisqf=1448,powsub_l4=1448	IsaRRI,anewdsc,anewdsc_i0,libpoly,msolve,pari
and07_hermite_d181_b1313	181	settled	181	anewdsc=180,anewdsc_i0=181,cgal=181,libpolysqf=181,msolve=181,parisqf=181,powsub_l4=181,sagesqf=181,z3sqf=181	IsaRRI,anewdsc_i0,cgal,libpoly,msolve,pari,sage,z3
and07_hermite_d2048_b21748	2048	agree	2048	anewdsc=2048,msolve=2048,parisqf=2048,powsub_l4=2048	IsaRRI,msolve,pari
and07_hermite_d256_b1977	256	agree	256	anewdsc=256,anewdsc_i0=256,cgal=256,libpolysqf=256,msolve=256,parisqf=256,powsub_l4=256,sagesqf=256,z3sqf=256	IsaRRI,anewdsc,anewdsc_i0,cgal,libpoly,msolve,pari,sage,z3
and07_hermite_d362_b2968	362	agree	362	anewdsc=362,anewdsc_i0=362,cgal=362,libpolysqf=362,msolve=362,parisqf=362,powsub_l4=362,sagesqf=362,z3sqf=362	IsaRRI,anewdsc,anewdsc_i0,cgal,libpoly,msolve,pari,sage,z3
and07_hermite_d512_b4443	512	agree	512	anewdsc=512,anewdsc_i0=512,cgal=512,libpolysqf=512,msolve=512,parisqf=512,powsub_l4=512,sagesqf=512,z3sqf=512	IsaRRI,anewdsc,anewdsc_i0,cgal,libpoly,msolve,pari,sage,z3
and07_hermite_d724_b6631	724	agree	724	anewdsc=724,anewdsc_i0=724,cgal=724,libpolysqf=724,msolve=724,parisqf=724,powsub_l4=724,sagesqf=724,z3sqf=724	IsaRRI,anewdsc,anewdsc_i0,cgal,libpoly,msolve,pari,sage,z3
and08_laguerre_d1024_b8854	1024	agree	1024	anewdsc=1024,libpolysqf=1024,msolve=1024,parisqf=1024,powsub_l4=1024,sagesqf=1024	IsaRRI,anewdsc,libpoly,msolve,pari,sage
and08_laguerre_d128_b743	128	agree	128	anewdsc=128,anewdsc_i0=128,cgal=128,libpolysqf=128,msolve=128,parisqf=128,powsub_l4=128,sagesqf=128,z3sqf=128	IsaRRI,anewdsc,anewdsc_i0,cgal,libpoly,msolve,pari,sage,z3
and08_laguerre_d1448_b13223	1448	agree	1448	anewdsc=1448,libpolysqf=1448,msolve=1448,powsub_l4=1448,sagesqf=1448	IsaRRI,libpoly,msolve,sage
and08_laguerre_d181_b1134	181	agree	181	anewdsc=181,anewdsc_i0=181,cgal=181,libpolysqf=181,msolve=181,parisqf=181,powsub_l4=181,sagesqf=181,z3sqf=181	IsaRRI,anewdsc,anewdsc_i0,cgal,libpoly,msolve,pari,sage,z3
and08_laguerre_d2048_b19702	2048	agree	2048	msolve=2048,sagesqf=2048	msolve,sage
and08_laguerre_d256_b1723	256	agree	256	anewdsc=256,anewdsc_i0=256,cgal=256,libpolysqf=256,msolve=256,parisqf=256,powsub_l4=256,sagesqf=256,z3sqf=256	IsaRRI,anewdsc,anewdsc_i0,cgal,libpoly,msolve,pari,sage,z3
and08_laguerre_d362_b2608	362	agree	362	anewdsc=362,anewdsc_i0=362,cgal=362,libpolysqf=362,msolve=362,parisqf=362,powsub_l4=362,sagesqf=362,z3sqf=362	IsaRRI,anewdsc,anewdsc_i0,cgal,libpoly,msolve,pari,sage,z3
and08_laguerre_d512_b3933	512	agree	512	anewdsc=512,anewdsc_i0=512,cgal=512,libpolysqf=512,msolve=512,parisqf=512,powsub_l4=512,sagesqf=512,z3sqf=512	IsaRRI,anewdsc,anewdsc_i0,cgal,libpoly,msolve,pari,sage,z3
and08_laguerre_d724_b5910	724	agree	724	anewdsc=724,anewdsc_i0=724,cgal=724,libpolysqf=724,msolve=724,parisqf=724,powsub_l4=724,sagesqf=724,z3sqf=724	IsaRRI,anewdsc,anewdsc_i0,cgal,libpoly,msolve,pari,sage,z3
and09_legendre_d1024_b4640	1024	agree	1024	anewdsc=1024,anewdsc_i0=1024,cgal=1024,libpolysqf=1024,msolve=1024,parisqf=1024,powsub_l4=1024,sagesqf=1024	IsaRRI,anewdsc,anewdsc_i0,libpoly,msolve,pari,sage
and09_legendre_d128_b572	128	agree	128	anewdsc=128,anewdsc_i0=128,cgal=128,libpolysqf=128,msolve=128,parisqf=128,powsub_l4=128,sagesqf=128,z3sqf=128	IsaRRI,anewdsc,anewdsc_i0,cgal,libpoly,msolve,pari,sage,z3
and09_legendre_d1448_b6562	1448	agree	1448	anewdsc=1448,anewdsc_i0=1448,libpolysqf=1448,msolve=1448,parisqf=1448,powsub_l4=1448,sagesqf=1448	IsaRRI,anewdsc,anewdsc_i0,libpoly,msolve,pari,sage
and09_legendre_d181_b809	181	settled	181	anewdsc=180,anewdsc_i0=181,cgal=181,libpolysqf=181,msolve=181,parisqf=181,powsub_l4=181,sagesqf=181,z3sqf=181	IsaRRI,anewdsc_i0,cgal,libpoly,msolve,pari,sage,z3
and09_legendre_d2048_b9291	2048	agree	2048	msolve=2048,parisqf=2048,powsub_l4=2048,sagesqf=2048	IsaRRI,msolve,pari,sage
and09_legendre_d256_b1153	256	agree	256	anewdsc=256,anewdsc_i0=256,cgal=256,libpolysqf=256,msolve=256,parisqf=256,powsub_l4=256,sagesqf=256,z3sqf=256	IsaRRI,anewdsc,anewdsc_i0,cgal,libpoly,msolve,pari,sage,z3
and09_legendre_d362_b1630	362	agree	362	anewdsc=362,anewdsc_i0=362,cgal=362,libpolysqf=362,msolve=362,parisqf=362,powsub_l4=362,sagesqf=362,z3sqf=362	IsaRRI,anewdsc,anewdsc_i0,cgal,libpoly,msolve,pari,sage,z3
and09_legendre_d512_b2315	512	agree	512	anewdsc=512,anewdsc_i0=512,cgal=512,libpolysqf=512,msolve=512,parisqf=512,powsub_l4=512,sagesqf=512,z3sqf=512	IsaRRI,anewdsc,anewdsc_i0,cgal,libpoly,msolve,pari,sage,z3
and09_legendre_d724_b3274	724	agree	724	anewdsc=724,anewdsc_i0=724,cgal=724,libpolysqf=724,msolve=724,parisqf=724,powsub_l4=724,sagesqf=724,z3sqf=724	IsaRRI,anewdsc,anewdsc_i0,cgal,libpoly,msolve,pari,sage,z3
and10_mignotte_rat_d129_b10	129	agree	3	anewdsc=3,anewdsc_i0=3,cgal=3,libpolysqf=3,msolve=3,parisqf=3,powsub_l4=3,sagesqf=3,z3sqf=3	IsaRRI,anewdsc,anewdsc_i0,cgal,libpoly,msolve,pari,sage,z3
and10_mignotte_rat_d129_b1024	129	agree	3	anewdsc=3,anewdsc_i0=3,powsub_l4=3,sagesqf=3	IsaRRI,anewdsc,anewdsc_i0,sage
and10_mignotte_rat_d129_b11584	129	one-tool	3	anewdsc=3,anewdsc_i0=3	anewdsc,anewdsc_i0
and10_mignotte_rat_d129_b128	129	agree	3	anewdsc=3,anewdsc_i0=3,cgal=3,libpolysqf=3,msolve=3,powsub_l4=3,sagesqf=3	IsaRRI,anewdsc,anewdsc_i0,libpoly,msolve,sage
and10_mignotte_rat_d129_b131072	129	none	3		
and10_mignotte_rat_d129_b1448	129	agree	3	anewdsc=3,anewdsc_i0=3,powsub_l4=3,sagesqf=3	IsaRRI,anewdsc,anewdsc_i0,sage
and10_mignotte_rat_d129_b16	129	agree	3	anewdsc=3,anewdsc_i0=3,cgal=3,libpolysqf=3,msolve=3,parisqf=3,powsub_l4=3,sagesqf=3,z3sqf=3	IsaRRI,anewdsc,anewdsc_i0,cgal,libpoly,msolve,pari,sage,z3
and10_mignotte_rat_d129_b16384	129	one-tool	3	anewdsc=3,anewdsc_i0=3	anewdsc,anewdsc_i0
and10_mignotte_rat_d129_b180	129	agree	3	anewdsc=3,anewdsc_i0=3,libpolysqf=3,msolve=3,powsub_l4=3,sagesqf=3	IsaRRI,anewdsc,anewdsc_i0,libpoly,sage
and10_mignotte_rat_d129_b185362	129	none	3		
and10_mignotte_rat_d129_b2048	129	agree	3	anewdsc=3,anewdsc_i0=3,powsub_l4=3,sagesqf=3	IsaRRI,anewdsc,anewdsc_i0,sage
and10_mignotte_rat_d129_b22	129	agree	3	anewdsc=3,anewdsc_i0=3,cgal=3,libpolysqf=3,msolve=3,parisqf=3,powsub_l4=3,sagesqf=3,z3sqf=3	IsaRRI,anewdsc,anewdsc_i0,cgal,libpoly,msolve,pari,sage,z3
and10_mignotte_rat_d129_b23170	129	one-tool	3	anewdsc=3,anewdsc_i0=3	anewdsc,anewdsc_i0
and10_mignotte_rat_d129_b256	129	agree	3	anewdsc=3,anewdsc_i0=3,libpolysqf=3,powsub_l4=3,sagesqf=3	IsaRRI,anewdsc,anewdsc_i0,libpoly,sage
and10_mignotte_rat_d129_b262144	129	none	3		
and10_mignotte_rat_d129_b2896	129	agree	3	anewdsc=3,anewdsc_i0=3,powsub_l4=3,sagesqf=3	IsaRRI,anewdsc,anewdsc_i0,sage
and10_mignotte_rat_d129_b32	129	agree	3	anewdsc=3,anewdsc_i0=3,cgal=3,libpolysqf=3,msolve=3,parisqf=3,powsub_l4=3,sagesqf=3	IsaRRI,anewdsc,anewdsc_i0,cgal,libpoly,msolve,pari,sage
and10_mignotte_rat_d129_b32768	129	one-tool	3	anewdsc=3,anewdsc_i0=3	anewdsc,anewdsc_i0
and10_mignotte_rat_d129_b362	129	agree	3	anewdsc=3,anewdsc_i0=3,powsub_l4=3,sagesqf=3	IsaRRI,anewdsc,anewdsc_i0,sage
and10_mignotte_rat_d129_b4096	129	agree	3	anewdsc=3,anewdsc_i0=3,powsub_l4=3	IsaRRI,anewdsc,anewdsc_i0
and10_mignotte_rat_d129_b44	129	agree	3	anewdsc=3,anewdsc_i0=3,cgal=3,libpolysqf=3,msolve=3,parisqf=3,powsub_l4=3,sagesqf=3	IsaRRI,anewdsc,anewdsc_i0,cgal,libpoly,msolve,pari,sage
and10_mignotte_rat_d129_b46340	129	one-tool	3	anewdsc=3,anewdsc_i0=3	anewdsc,anewdsc_i0
and10_mignotte_rat_d129_b512	129	agree	3	anewdsc=3,anewdsc_i0=3,powsub_l4=3,sagesqf=3	IsaRRI,anewdsc,anewdsc_i0,sage
and10_mignotte_rat_d129_b5792	129	agree	3	anewdsc=3,anewdsc_i0=3,powsub_l4=3	IsaRRI,anewdsc,anewdsc_i0
and10_mignotte_rat_d129_b64	129	agree	3	anewdsc=3,anewdsc_i0=3,cgal=3,libpolysqf=3,msolve=3,parisqf=3,powsub_l4=3,sagesqf=3	IsaRRI,anewdsc,anewdsc_i0,cgal,libpoly,msolve,pari,sage
and10_mignotte_rat_d129_b65536	129	one-tool	3	anewdsc=3,anewdsc_i0=3	anewdsc
and10_mignotte_rat_d129_b724	129	agree	3	anewdsc=3,anewdsc_i0=3,powsub_l4=3,sagesqf=3	IsaRRI,anewdsc,anewdsc_i0,sage
and10_mignotte_rat_d129_b8192	129	one-tool	3	anewdsc=3,anewdsc_i0=3	anewdsc,anewdsc_i0
and10_mignotte_rat_d129_b90	129	agree	3	anewdsc=3,anewdsc_i0=3,cgal=3,libpolysqf=3,msolve=3,powsub_l4=3,sagesqf=3	IsaRRI,anewdsc,anewdsc_i0,cgal,libpoly,msolve,sage
and10_mignotte_rat_d129_b92680	129	one-tool	3	anewdsc=3,anewdsc_i0=3	
and11_mignotte_rat_d1025_b14	1025	agree	3	anewdsc=3,anewdsc_i0=3,sagesqf=3	anewdsc,anewdsc_i0,sage
and11_mignotte_rat_d11585_b14	11585	one-tool	3	anewdsc=3,anewdsc_i0=3	anewdsc,anewdsc_i0
and11_mignotte_rat_d129_b14	129	agree	3	anewdsc=3,anewdsc_i0=3,cgal=3,libpolysqf=3,msolve=3,parisqf=3,powsub_l4=3,sagesqf=3,z3sqf=3	IsaRRI,anewdsc,anewdsc_i0,cgal,libpoly,msolve,pari,sage,z3
and11_mignotte_rat_d1449_b14	1449	agree	3	anewdsc=3,anewdsc_i0=3,sagesqf=3	anewdsc,anewdsc_i0,sage
and11_mignotte_rat_d16385_b14	16385	one-tool	3	anewdsc=3,anewdsc_i0=3	anewdsc,anewdsc_i0
and11_mignotte_rat_d181_b14	181	agree	3	anewdsc=3,anewdsc_i0=3,cgal=3,libpolysqf=3,msolve=3,parisqf=3,powsub_l4=3,sagesqf=3,z3sqf=3	IsaRRI,anewdsc,anewdsc_i0,cgal,libpoly,msolve,pari,sage,z3
and11_mignotte_rat_d2049_b14	2049	agree	3	anewdsc=3,anewdsc_i0=3,sagesqf=3	anewdsc,anewdsc_i0,sage
and11_mignotte_rat_d23171_b14	23171	none	3		
and11_mignotte_rat_d257_b14	257	agree	3	anewdsc=3,anewdsc_i0=3,cgal=3,libpolysqf=3,msolve=3,parisqf=3,powsub_l4=3,sagesqf=3	IsaRRI,anewdsc,anewdsc_i0,cgal,libpoly,msolve,pari,sage
and11_mignotte_rat_d2897_b14	2897	agree	3	anewdsc=3,anewdsc_i0=3,sagesqf=3	anewdsc,anewdsc_i0,sage
and11_mignotte_rat_d32769_b14	32769	none	3		
and11_mignotte_rat_d363_b14	363	agree	3	anewdsc=3,anewdsc_i0=3,libpolysqf=3,msolve=3,powsub_l4=3,sagesqf=3	IsaRRI,anewdsc,anewdsc_i0,libpoly,msolve,sage
and11_mignotte_rat_d4097_b14	4097	agree	3	anewdsc=3,anewdsc_i0=3,sagesqf=3	anewdsc,anewdsc_i0,sage
and11_mignotte_rat_d513_b14	513	agree	3	anewdsc=3,anewdsc_i0=3,libpolysqf=3,powsub_l4=3,sagesqf=3	IsaRRI,anewdsc,anewdsc_i0,libpoly,sage
and11_mignotte_rat_d5793_b14	5793	one-tool	3	anewdsc=3,anewdsc_i0=3	anewdsc,anewdsc_i0
and11_mignotte_rat_d725_b14	725	agree	3	anewdsc=3,anewdsc_i0=3,powsub_l4=3,sagesqf=3	IsaRRI,anewdsc,anewdsc_i0,sage
and11_mignotte_rat_d8193_b14	8193	one-tool	3	anewdsc=3,anewdsc_i0=3	anewdsc,anewdsc_i0
and12_mignotte_irr_d129_b10	129	agree	3	anewdsc=3,anewdsc_i0=3,cgal=3,libpolysqf=3,msolve=3,parisqf=3,powsub_l4=3,sagesqf=3,z3sqf=3	IsaRRI,anewdsc,anewdsc_i0,cgal,libpoly,msolve,pari,sage,z3
and12_mignotte_irr_d129_b1024	129	agree	3	anewdsc=3,anewdsc_i0=3,powsub_l4=3,sagesqf=3	IsaRRI,anewdsc,anewdsc_i0,sage
and12_mignotte_irr_d129_b11584	129	agree	3	anewdsc=3,anewdsc_i0=3,powsub_l4=3	anewdsc,anewdsc_i0
and12_mignotte_irr_d129_b128	129	agree	3	anewdsc=3,anewdsc_i0=3,cgal=3,libpolysqf=3,msolve=3,powsub_l4=3,sagesqf=3	IsaRRI,anewdsc,anewdsc_i0,cgal,libpoly,msolve,sage
and12_mignotte_irr_d129_b1448	129	agree	3	anewdsc=3,anewdsc_i0=3,powsub_l4=3,sagesqf=3	IsaRRI,anewdsc,anewdsc_i0,sage
and12_mignotte_irr_d129_b16	129	agree	3	anewdsc=3,anewdsc_i0=3,cgal=3,libpolysqf=3,msolve=3,parisqf=3,powsub_l4=3,sagesqf=3,z3sqf=3	IsaRRI,anewdsc,anewdsc_i0,cgal,libpoly,msolve,pari,sage,z3
and12_mignotte_irr_d129_b16384	129	one-tool	3	anewdsc=3,anewdsc_i0=3	anewdsc,anewdsc_i0
and12_mignotte_irr_d129_b180	129	agree	3	anewdsc=3,anewdsc_i0=3,cgal=3,libpolysqf=3,msolve=3,powsub_l4=3,sagesqf=3	IsaRRI,anewdsc,anewdsc_i0,cgal,libpoly,msolve,sage
and12_mignotte_irr_d129_b2048	129	agree	3	anewdsc=3,anewdsc_i0=3,powsub_l4=3,sagesqf=3	IsaRRI,anewdsc,anewdsc_i0,sage
and12_mignotte_irr_d129_b22	129	agree	3	anewdsc=3,anewdsc_i0=3,cgal=3,libpolysqf=3,msolve=3,parisqf=3,powsub_l4=3,sagesqf=3,z3sqf=3	IsaRRI,anewdsc,anewdsc_i0,cgal,libpoly,msolve,pari,sage,z3
and12_mignotte_irr_d129_b23170	129	one-tool	3	anewdsc=3,anewdsc_i0=3	anewdsc,anewdsc_i0
and12_mignotte_irr_d129_b256	129	agree	3	anewdsc=3,anewdsc_i0=3,libpolysqf=3,msolve=3,powsub_l4=3,sagesqf=3	IsaRRI,anewdsc,anewdsc_i0,libpoly,msolve,sage
and12_mignotte_irr_d129_b2896	129	agree	3	anewdsc=3,anewdsc_i0=3,powsub_l4=3,sagesqf=3	IsaRRI,anewdsc,anewdsc_i0,sage
and12_mignotte_irr_d129_b32	129	settled	3	anewdsc=4,anewdsc_i0=3,cgal=3,libpolysqf=3,msolve=3,parisqf=3,powsub_l4=3,sagesqf=3,z3sqf=3	IsaRRI,anewdsc_i0,cgal,libpoly,msolve,pari,sage,z3
and12_mignotte_irr_d129_b32768	129	one-tool	3	anewdsc=3,anewdsc_i0=3	anewdsc
and12_mignotte_irr_d129_b362	129	agree	3	anewdsc=3,anewdsc_i0=3,libpolysqf=3,powsub_l4=3,sagesqf=3	IsaRRI,anewdsc,anewdsc_i0,libpoly,sage
and12_mignotte_irr_d129_b4096	129	agree	3	anewdsc=3,anewdsc_i0=3,powsub_l4=3,sagesqf=3	IsaRRI,anewdsc,anewdsc_i0,sage
and12_mignotte_irr_d129_b44	129	agree	3	anewdsc=3,anewdsc_i0=3,cgal=3,libpolysqf=3,msolve=3,parisqf=3,powsub_l4=3,sagesqf=3,z3sqf=3	IsaRRI,anewdsc,anewdsc_i0,cgal,libpoly,msolve,pari,sage
and12_mignotte_irr_d129_b46340	129	one-tool	3	anewdsc=3,anewdsc_i0=3	anewdsc
and12_mignotte_irr_d129_b512	129	agree	3	anewdsc=3,anewdsc_i0=3,libpolysqf=3,powsub_l4=3,sagesqf=3	IsaRRI,anewdsc,anewdsc_i0,libpoly,sage
and12_mignotte_irr_d129_b5792	129	agree	3	anewdsc=3,anewdsc_i0=3,powsub_l4=3	IsaRRI,anewdsc,anewdsc_i0
and12_mignotte_irr_d129_b64	129	agree	3	anewdsc=3,anewdsc_i0=3,cgal=3,libpolysqf=3,msolve=3,parisqf=3,powsub_l4=3,sagesqf=3	IsaRRI,anewdsc,anewdsc_i0,cgal,libpoly,msolve,pari,sage
and12_mignotte_irr_d129_b65536	129	none	3		
and12_mignotte_irr_d129_b724	129	agree	3	anewdsc=3,anewdsc_i0=3,powsub_l4=3,sagesqf=3	IsaRRI,anewdsc,anewdsc_i0,sage
and12_mignotte_irr_d129_b8192	129	agree	3	anewdsc=3,anewdsc_i0=3,powsub_l4=3	IsaRRI,anewdsc,anewdsc_i0
and12_mignotte_irr_d129_b90	129	agree	3	anewdsc=3,anewdsc_i0=3,cgal=3,libpolysqf=3,msolve=3,parisqf=3,powsub_l4=3,sagesqf=3	IsaRRI,anewdsc,anewdsc_i0,cgal,libpoly,msolve,pari,sage
and13_mignotte_irr_d1025_b14	1025	agree	3	anewdsc=3,anewdsc_i0=3,libpolysqf=3,sagesqf=3	anewdsc,anewdsc_i0,sage
and13_mignotte_irr_d11585_b14	11585	none	3		
and13_mignotte_irr_d129_b14	129	agree	3	anewdsc=3,anewdsc_i0=3,cgal=3,libpolysqf=3,msolve=3,parisqf=3,powsub_l4=3,sagesqf=3,z3sqf=3	IsaRRI,anewdsc,anewdsc_i0,cgal,libpoly,msolve,pari,sage,z3
and13_mignotte_irr_d1449_b14	1449	agree	3	anewdsc=3,anewdsc_i0=3,sagesqf=3	anewdsc,anewdsc_i0,sage
and13_mignotte_irr_d16385_b14	16385	none	3		
and13_mignotte_irr_d181_b14	181	agree	3	anewdsc=3,anewdsc_i0=3,cgal=3,libpolysqf=3,msolve=3,parisqf=3,powsub_l4=3,sagesqf=3,z3sqf=3	IsaRRI,anewdsc,anewdsc_i0,cgal,libpoly,msolve,pari,sage,z3
and13_mignotte_irr_d2049_b14	2049	agree	3	anewdsc=3,anewdsc_i0=3,sagesqf=3	anewdsc,anewdsc_i0,sage
and13_mignotte_irr_d257_b14	257	agree	3	anewdsc=3,anewdsc_i0=3,cgal=3,libpolysqf=3,msolve=3,parisqf=3,powsub_l4=3,sagesqf=3	IsaRRI,anewdsc,anewdsc_i0,cgal,libpoly,msolve,pari,sage
and13_mignotte_irr_d2897_b14	2897	agree	3	anewdsc=3,anewdsc_i0=3,sagesqf=3	anewdsc,anewdsc_i0,sage
and13_mignotte_irr_d363_b14	363	agree	3	anewdsc=3,anewdsc_i0=3,cgal=3,libpolysqf=3,msolve=3,powsub_l4=3,sagesqf=3	IsaRRI,anewdsc,anewdsc_i0,cgal,libpoly,msolve,sage
and13_mignotte_irr_d4097_b14	4097	agree	3	anewdsc=3,anewdsc_i0=3,sagesqf=3	anewdsc,anewdsc_i0,sage
and13_mignotte_irr_d513_b14	513	agree	3	anewdsc=3,anewdsc_i0=3,libpolysqf=3,msolve=3,powsub_l4=3,sagesqf=3	IsaRRI,anewdsc,anewdsc_i0,libpoly,msolve,sage
and13_mignotte_irr_d5793_b14	5793	one-tool	3	anewdsc=3,anewdsc_i0=3	anewdsc,anewdsc_i0
and13_mignotte_irr_d725_b14	725	agree	3	anewdsc=3,anewdsc_i0=3,libpolysqf=3,powsub_l4=3,sagesqf=3	IsaRRI,anewdsc,anewdsc_i0,libpoly,sage
and13_mignotte_irr_d8193_b14	8193	one-tool	3	anewdsc=3,anewdsc_i0=3	anewdsc,anewdsc_i0
and14_resultant_d100_b2070	100	agree	10	anewdsc=10,anewdsc_i0=10,cgal=10,libpolysqf=10,msolve=10,parisqf=10,powsub_l4=10,sagesqf=10,z3sqf=10	IsaRRI,anewdsc,anewdsc_i0,cgal,libpoly,msolve,pari,sage,z3
and14_resultant_d1024_b2216	1024	agree	8	anewdsc=8,anewdsc_i0=8,cgal=8,msolve=8,parisqf=8,powsub_l4=8,sagesqf=8,z3sqf=8	IsaRRI,anewdsc,anewdsc_i0,cgal,msolve,pari,sage,z3
and14_resultant_d1156_b2221	1156	agree	12	anewdsc=12,anewdsc_i0=12,cgal=12,msolve=12,parisqf=12,powsub_l4=12,sagesqf=12,z3sqf=12	IsaRRI,anewdsc,anewdsc_i0,cgal,msolve,pari,sage,z3
and14_resultant_d1296_b2228	1296	agree	20	anewdsc=20,anewdsc_i0=20,cgal=20,msolve=20,parisqf=20,powsub_l4=20,sagesqf=20,z3sqf=20	IsaRRI,anewdsc,anewdsc_i0,cgal,msolve,pari,sage,z3
and14_resultant_d1444_b2205	1444	agree	12	anewdsc=12,anewdsc_i0=12,cgal=12,msolve=12,parisqf=12,powsub_l4=12,sagesqf=12,z3sqf=12	IsaRRI,anewdsc,anewdsc_i0,cgal,msolve,pari,sage,z3
and14_resultant_d144_b2076	144	agree	4	anewdsc=4,anewdsc_i0=4,cgal=4,libpolysqf=4,msolve=4,parisqf=4,powsub_l4=4,sagesqf=4,z3sqf=4	IsaRRI,anewdsc,anewdsc_i0,cgal,libpoly,msolve,pari,sage,z3
and14_resultant_d1600_b2243	1600	agree	10	anewdsc=10,anewdsc_i0=10,cgal=10,msolve=10,parisqf=10,powsub_l4=10,sagesqf=10,z3sqf=10	IsaRRI,anewdsc,anewdsc_i0,cgal,msolve,pari,sage,z3
and14_resultant_d196_b2094	196	agree	6	anewdsc=6,anewdsc_i0=6,cgal=6,libpolysqf=6,msolve=6,parisqf=6,powsub_l4=6,sagesqf=6,z3sqf=6	IsaRRI,anewdsc,anewdsc_i0,cgal,libpoly,msolve,pari,sage,z3
and14_resultant_d256_b2108	256	agree	8	anewdsc=8,anewdsc_i0=8,cgal=8,libpolysqf=8,msolve=8,parisqf=8,powsub_l4=8,sagesqf=8,z3sqf=8	IsaRRI,anewdsc,anewdsc_i0,cgal,libpoly,msolve,pari,sage,z3
and14_resultant_d324_b2086	324	agree	6	anewdsc=6,anewdsc_i0=6,cgal=6,libpolysqf=6,msolve=6,parisqf=6,powsub_l4=6,sagesqf=6,z3sqf=6	IsaRRI,anewdsc,anewdsc_i0,cgal,libpoly,msolve,pari,sage,z3
and14_resultant_d400_b2126	400	agree	6	anewdsc=6,anewdsc_i0=6,cgal=6,libpolysqf=6,msolve=6,parisqf=6,powsub_l4=6,sagesqf=6,z3sqf=6	IsaRRI,anewdsc,anewdsc_i0,cgal,libpoly,msolve,pari,sage,z3
and14_resultant_d484_b2125	484	agree	8	anewdsc=8,anewdsc_i0=8,cgal=8,msolve=8,parisqf=8,powsub_l4=8,sagesqf=8,z3sqf=8	IsaRRI,anewdsc,anewdsc_i0,cgal,msolve,pari,sage,z3
and14_resultant_d576_b2125	576	agree	10	anewdsc=10,anewdsc_i0=10,cgal=10,msolve=10,parisqf=10,powsub_l4=10,sagesqf=10,z3sqf=10	IsaRRI,anewdsc,anewdsc_i0,cgal,msolve,pari,sage,z3
and14_resultant_d676_b2157	676	agree	12	anewdsc=12,anewdsc_i0=12,cgal=12,msolve=12,parisqf=12,powsub_l4=12,sagesqf=12,z3sqf=12	IsaRRI,anewdsc,anewdsc_i0,cgal,msolve,pari,sage,z3
and14_resultant_d784_b2160	784	agree	10	anewdsc=10,anewdsc_i0=10,cgal=10,msolve=10,parisqf=10,powsub_l4=10,sagesqf=10,z3sqf=10	IsaRRI,anewdsc,anewdsc_i0,cgal,msolve,pari,sage,z3
and14_resultant_d900_b2195	900	agree	10	anewdsc=10,anewdsc_i0=10,cgal=10,msolve=10,parisqf=10,powsub_l4=10,sagesqf=10,z3sqf=10	IsaRRI,anewdsc,anewdsc_i0,cgal,msolve,pari,sage,z3
and15_random_dense_d1024_b1024	1024	agree	4	anewdsc=4,anewdsc_i0=4,cgal=4,msolve=4,parisqf=4,powsub_l4=4,sagesqf=4,z3sqf=4	IsaRRI,anewdsc,anewdsc_i0,cgal,msolve,pari,sage,z3
and15_random_dense_d11585_b1024	11585	agree	7	anewdsc=7,anewdsc_i0=7,msolve=7	anewdsc,anewdsc_i0,msolve
and15_random_dense_d128_b1024	128	agree	6	anewdsc=6,anewdsc_i0=6,cgal=6,libpolysqf=6,msolve=6,parisqf=6,powsub_l4=6,sagesqf=6,z3sqf=6	IsaRRI,anewdsc,anewdsc_i0,cgal,libpoly,msolve,pari,sage,z3
and15_random_dense_d1448_b1024	1448	agree	4	anewdsc=4,anewdsc_i0=4,cgal=4,msolve=4,parisqf=4,powsub_l4=4,sagesqf=4,z3sqf=4	IsaRRI,anewdsc,anewdsc_i0,cgal,msolve,pari,sage,z3
and15_random_dense_d16384_b1024	16384	agree	6	anewdsc=6,anewdsc_i0=6,msolve=6	anewdsc,anewdsc_i0,msolve
and15_random_dense_d181_b1024	181	agree	1	anewdsc=1,anewdsc_i0=1,cgal=1,libpolysqf=1,msolve=1,parisqf=1,powsub_l4=1,sagesqf=1,z3sqf=1	IsaRRI,anewdsc,anewdsc_i0,cgal,libpoly,msolve,pari,sage,z3
and15_random_dense_d2048_b1024	2048	agree	6	anewdsc=6,anewdsc_i0=6,cgal=6,msolve=6,parisqf=6,powsub_l4=6,sagesqf=6,z3sqf=6	IsaRRI,anewdsc,anewdsc_i0,cgal,msolve,pari,sage,z3
and15_random_dense_d23170_b1024	23170	none	-1		
and15_random_dense_d256_b1024	256	agree	4	anewdsc=4,anewdsc_i0=4,cgal=4,libpolysqf=4,msolve=4,parisqf=4,powsub_l4=4,sagesqf=4,z3sqf=4	IsaRRI,anewdsc,anewdsc_i0,cgal,libpoly,msolve,pari,sage,z3
and15_random_dense_d2896_b1024	2896	agree	6	anewdsc=6,anewdsc_i0=6,cgal=6,msolve=6,parisqf=6,powsub_l4=6,sagesqf=6,z3sqf=6	IsaRRI,anewdsc,anewdsc_i0,cgal,msolve,pari,sage,z3
and15_random_dense_d32768_b1024	32768	none	-1		
and15_random_dense_d362_b1024	362	agree	6	anewdsc=6,anewdsc_i0=6,cgal=6,msolve=6,parisqf=6,powsub_l4=6,sagesqf=6,z3sqf=6	IsaRRI,anewdsc,anewdsc_i0,cgal,msolve,pari,sage,z3
and15_random_dense_d4096_b1024	4096	agree	4	anewdsc=4,anewdsc_i0=4,cgal=4,msolve=4,parisqf=4,powsub_l4=4,sagesqf=4,z3sqf=4	IsaRRI,anewdsc,anewdsc_i0,cgal,msolve,pari,sage,z3
and15_random_dense_d512_b1024	512	agree	6	anewdsc=6,anewdsc_i0=6,cgal=6,msolve=6,parisqf=6,powsub_l4=6,sagesqf=6,z3sqf=6	IsaRRI,anewdsc,anewdsc_i0,cgal,msolve,pari,sage,z3
and15_random_dense_d5792_b1024	5792	agree	4	anewdsc=4,anewdsc_i0=4,cgal=4,msolve=4,parisqf=4,powsub_l4=4,sagesqf=4,z3sqf=4	IsaRRI,anewdsc,anewdsc_i0,cgal,msolve,pari,sage,z3
and15_random_dense_d724_b1024	724	agree	4	anewdsc=4,anewdsc_i0=4,cgal=4,msolve=4,parisqf=4,powsub_l4=4,sagesqf=4,z3sqf=4	IsaRRI,anewdsc,anewdsc_i0,cgal,msolve,pari,sage,z3
and15_random_dense_d8192_b1024	8192	agree	4	anewdsc=4,anewdsc_i0=4,msolve=4,parisqf=4,powsub_l4=4,sagesqf=4	IsaRRI,anewdsc,anewdsc_i0,msolve,pari,sage
and16_random_monic_d1024_b1024	1024	agree	-1	anewdsc=8,powsub_l4=8	IsaRRI,anewdsc
and16_random_monic_d11585_b1024	11585	one-tool	-1	anewdsc=7	anewdsc
and16_random_monic_d128_b1024	128	agree	6	anewdsc=6,anewdsc_i0=6,cgal=6,msolve=6,parisqf=6,powsub_l4=6,sagesqf=6	IsaRRI,anewdsc,anewdsc_i0,cgal,msolve,pari,sage
and16_random_monic_d1448_b1024	1448	one-tool	-1	anewdsc=6	anewdsc
and16_random_monic_d16384_b1024	16384	none	-1		
and16_random_monic_d181_b1024	181	agree	7	anewdsc=7,anewdsc_i0=7,cgal=7,msolve=7,parisqf=7,powsub_l4=7,sagesqf=7	IsaRRI,anewdsc,anewdsc_i0,cgal,msolve,pari,sage
and16_random_monic_d2048_b1024	2048	one-tool	-1	anewdsc=10	anewdsc
and16_random_monic_d23170_b1024	23170	none	-1		
and16_random_monic_d256_b1024	256	agree	6	anewdsc=6,anewdsc_i0=6,msolve=6,parisqf=6,powsub_l4=6,sagesqf=6	IsaRRI,anewdsc,anewdsc_i0,msolve,pari,sage
and16_random_monic_d2896_b1024	2896	one-tool	-1	anewdsc=6	anewdsc
and16_random_monic_d32768_b1024	32768	none	-1		
and16_random_monic_d362_b1024	362	agree	8	anewdsc=8,anewdsc_i0=8,msolve=8,parisqf=8,powsub_l4=8,sagesqf=8	IsaRRI,anewdsc,anewdsc_i0,msolve,sage
and16_random_monic_d4096_b1024	4096	one-tool	-1	anewdsc=2	anewdsc
and16_random_monic_d512_b1024	512	agree	-1	anewdsc=6,anewdsc_i0=6,powsub_l4=6,sagesqf=6	IsaRRI,anewdsc,anewdsc_i0,sage
and16_random_monic_d5792_b1024	5792	one-tool	-1	anewdsc=8	anewdsc
and16_random_monic_d724_b1024	724	agree	-1	anewdsc=4,anewdsc_i0=4,powsub_l4=4	IsaRRI,anewdsc,anewdsc_i0
and16_random_monic_d8192_b1024	8192	one-tool	-1	anewdsc=10	anewdsc
and17_random_monic_lt1_d1024_b1024	1024	agree	4	anewdsc=4,anewdsc_i0=4,powsub_l4=4	IsaRRI,anewdsc,anewdsc_i0
and17_random_monic_lt1_d11585_b1024	11585	one-tool	-1	anewdsc=11	anewdsc
and17_random_monic_lt1_d128_b1024	128	agree	6	anewdsc=6,anewdsc_i0=6,cgal=6,msolve=6,parisqf=6,powsub_l4=6,sagesqf=6,z3sqf=6	IsaRRI,anewdsc,anewdsc_i0,cgal,msolve,pari,sage,z3
and17_random_monic_lt1_d1448_b1024	1448	agree	-1	anewdsc=4,anewdsc_i0=4,powsub_l4=4	IsaRRI,anewdsc,anewdsc_i0
and17_random_monic_lt1_d16384_b1024	16384	one-tool	-1	anewdsc=6	anewdsc
and17_random_monic_lt1_d181_b1024	181	agree	5	anewdsc=5,anewdsc_i0=5,cgal=5,msolve=5,parisqf=5,powsub_l4=5,sagesqf=5,z3sqf=5	IsaRRI,anewdsc,anewdsc_i0,cgal,msolve,pari,sage,z3
and17_random_monic_lt1_d2048_b1024	2048	one-tool	-1	anewdsc=8	anewdsc
and17_random_monic_lt1_d23170_b1024	23170	none	-1		
and17_random_monic_lt1_d256_b1024	256	agree	6	anewdsc=6,anewdsc_i0=6,cgal=6,msolve=6,parisqf=6,powsub_l4=6,sagesqf=6,z3sqf=6	IsaRRI,anewdsc,anewdsc_i0,cgal,msolve,pari,sage,z3
and17_random_monic_lt1_d2896_b1024	2896	one-tool	-1	anewdsc=6	anewdsc
and17_random_monic_lt1_d32768_b1024	32768	none	-1		
and17_random_monic_lt1_d362_b1024	362	agree	8	anewdsc=8,anewdsc_i0=8,cgal=8,msolve=8,parisqf=8,powsub_l4=8,sagesqf=8,z3sqf=8	IsaRRI,anewdsc,anewdsc_i0,cgal,msolve,pari,sage,z3
and17_random_monic_lt1_d4096_b1024	4096	one-tool	-1	anewdsc=6	anewdsc
and17_random_monic_lt1_d512_b1024	512	agree	-1	anewdsc=8,anewdsc_i0=8,powsub_l4=8,sagesqf=8	IsaRRI,anewdsc,anewdsc_i0,sage
and17_random_monic_lt1_d5792_b1024	5792	one-tool	-1	anewdsc=6	anewdsc
and17_random_monic_lt1_d724_b1024	724	agree	4	anewdsc=4,anewdsc_i0=4,powsub_l4=4	IsaRRI,anewdsc,anewdsc_i0
and17_random_monic_lt1_d8192_b1024	8192	one-tool	-1	anewdsc=8	anewdsc
and18_wilkinson_like_d1024_b10112	1024	agree	1024	anewdsc=1024,libpolysqf=1024,msolve=1024,parisqf=1024,powsub_l4=1024,sagesqf=1024	IsaRRI,anewdsc,libpoly,msolve,pari,sage
and18_wilkinson_like_d128_b888	128	agree	128	anewdsc=128,anewdsc_i0=128,cgal=128,libpolysqf=128,msolve=128,parisqf=128,powsub_l4=128,sagesqf=128,z3sqf=128	IsaRRI,anewdsc,anewdsc_i0,cgal,libpoly,msolve,pari,sage,z3
and18_wilkinson_like_d1448_b14131	1448	agree	1448	msolve=1448,parisqf=1448,powsub_l4=1448,sagesqf=1448	IsaRRI,msolve,pari,sage
and18_wilkinson_like_d181_b1248	181	agree	181	anewdsc=181,anewdsc_i0=181,cgal=181,libpolysqf=181,msolve=181,parisqf=181,powsub_l4=181,sagesqf=181,z3sqf=181	IsaRRI,anewdsc,anewdsc_i0,cgal,libpoly,msolve,pari,sage,z3
and18_wilkinson_like_d2048_b22566	2048	agree	2048	parisqf=2048,sagesqf=2048	pari,sage
and18_wilkinson_like_d256_b2189	256	agree	256	anewdsc=256,anewdsc_i0=256,cgal=256,libpolysqf=256,msolve=256,parisqf=256,powsub_l4=256,sagesqf=256,z3sqf=256	IsaRRI,anewdsc,anewdsc_i0,cgal,libpoly,msolve,pari,sage,z3
and18_wilkinson_like_d362_b2968	362	agree	362	anewdsc=362,anewdsc_i0=362,cgal=362,libpolysqf=362,msolve=362,parisqf=362,powsub_l4=362,sagesqf=362,z3sqf=362	IsaRRI,anewdsc,anewdsc_i0,cgal,libpoly,msolve,pari,sage,z3
and18_wilkinson_like_d512_b4394	512	agree	512	anewdsc=512,anewdsc_i0=512,cgal=512,libpolysqf=512,msolve=512,parisqf=512,powsub_l4=512,sagesqf=512,z3sqf=512	IsaRRI,anewdsc,anewdsc_i0,cgal,libpoly,msolve,pari,sage,z3
and18_wilkinson_like_d724_b6763	724	agree	724	anewdsc=724,anewdsc_i0=724,cgal=724,libpolysqf=724,msolve=724,parisqf=724,powsub_l4=724,sagesqf=724,z3sqf=724	IsaRRI,anewdsc,anewdsc_i0,cgal,libpoly,msolve,pari,sage,z3
and19_wilkinson_d1024_b8777	1024	agree	1024	anewdsc=1024,libpolysqf=1024,msolve=1024,parisqf=1024,powsub_l4=1024,sagesqf=1024	IsaRRI,libpoly,msolve,pari,sage
and19_wilkinson_d128_b721	128	agree	128	anewdsc=128,anewdsc_i0=128,cgal=128,libpolysqf=128,msolve=128,parisqf=128,powsub_l4=128,sagesqf=128,z3sqf=128	IsaRRI,anewdsc,anewdsc_i0,cgal,libpoly,msolve,pari,sage,z3
and19_wilkinson_d1448_b13130	1448	agree	1448	libpolysqf=1448,msolve=1448,parisqf=1448,powsub_l4=1448,sagesqf=1448	IsaRRI,libpoly,msolve,pari,sage
and19_wilkinson_d181_b1107	181	agree	181	anewdsc=181,anewdsc_i0=181,cgal=181,libpolysqf=181,msolve=181,parisqf=181,powsub_l4=181,sagesqf=181,z3sqf=181	IsaRRI,anewdsc,anewdsc_i0,cgal,libpoly,msolve,pari,sage,z3
and19_wilkinson_d2048_b19589	2048	agree	2048	msolve=2048,parisqf=2048,sagesqf=2048	msolve,pari,sage
and19_wilkinson_d256_b1690	256	agree	256	anewdsc=256,anewdsc_i0=256,cgal=256,libpolysqf=256,msolve=256,parisqf=256,powsub_l4=256,sagesqf=256,z3sqf=256	IsaRRI,anewdsc,anewdsc_i0,cgal,libpoly,msolve,pari,sage,z3
and19_wilkinson_d362_b2567	362	agree	362	anewdsc=362,anewdsc_i0=362,cgal=362,libpolysqf=362,msolve=362,parisqf=362,powsub_l4=362,sagesqf=362,z3sqf=362	IsaRRI,anewdsc,anewdsc_i0,cgal,libpoly,msolve,pari,sage,z3
and19_wilkinson_d512_b3882	512	agree	512	anewdsc=512,anewdsc_i0=512,cgal=512,libpolysqf=512,msolve=512,parisqf=512,powsub_l4=512,sagesqf=512,z3sqf=512	IsaRRI,anewdsc,anewdsc_i0,cgal,libpoly,msolve,pari,sage,z3
and19_wilkinson_d724_b5847	724	agree	724	anewdsc=724,anewdsc_i0=724,cgal=724,libpolysqf=724,msolve=724,parisqf=724,powsub_l4=724,sagesqf=724,z3sqf=724	IsaRRI,anewdsc,anewdsc_i0,cgal,libpoly,msolve,pari,sage,z3
