case,id,band,family,degree,params,oracle,solver,roots,ms,status
nektarios,96,1,drf,648,tau=924,22,IsaRRI,22,230.3230,OK
nektarios,96,1,drf,648,tau=924,22,msolve,22,188.6890,OK
nektarios,96,1,drf,648,tau=924,22,anewdsc,22,458.1940,OK
nektarios,96,1,drf,648,tau=924,22,anewdsc_i0,22,4022.3630,OK
nektarios,96,1,drf,648,tau=924,22,sage,22,582.9130,OK
nektarios,96,1,drf,648,tau=924,22,pari,22,449.3400,OK
nektarios,96,1,drf,648,tau=924,22,z3,22,2503.4500,OK
nektarios,96,1,drf,648,tau=924,22,cgal,22,2173.1900,OK
nektarios,96,1,drf,648,tau=924,22,libpoly,-1,60000.0000,TIMEOUT
chebyshev160,1,1,dri,160,tau=200,160,IsaRRI,160,8.3177,OK
chebyshev160,1,1,dri,160,tau=200,160,msolve,160,21.7397,OK
chebyshev160,1,1,dri,160,tau=200,160,anewdsc,160,62.2540,OK
chebyshev160,1,1,dri,160,tau=200,160,anewdsc_i0,160,64.4220,OK
chebyshev160,1,1,dri,160,tau=200,160,sage,160,83.5710,OK
chebyshev160,1,1,dri,160,tau=200,160,pari,160,7.1385,OK
chebyshev160,1,1,dri,160,tau=200,160,z3,160,145.2510,OK
chebyshev160,1,1,dri,160,tau=200,160,cgal,160,299.6670,OK
chebyshev160,1,1,dri,160,tau=200,160,libpoly,160,65.3400,OK
chebyshev20,2,1,dri,20,tau=23,20,IsaRRI,20,0.1775,OK
chebyshev20,2,1,dri,20,tau=23,20,msolve,20,0.1129,OK
chebyshev20,2,1,dri,20,tau=23,20,anewdsc,20,0.4620,OK
chebyshev20,2,1,dri,20,tau=23,20,anewdsc_i0,20,0.5330,OK
chebyshev20,2,1,dri,20,tau=23,20,sage,20,15.6480,OK
chebyshev20,2,1,dri,20,tau=23,20,pari,20,0.0727,OK
chebyshev20,2,1,dri,20,tau=23,20,z3,20,0.1964,OK
chebyshev20,2,1,dri,20,tau=23,20,cgal,20,0.8429,OK
chebyshev20,2,1,dri,20,tau=23,20,libpoly,20,0.2015,OK
chebyshev320,3,1,dri,320,tau=403,320,IsaRRI,320,41.1966,OK
chebyshev320,3,1,dri,320,tau=403,320,msolve,320,206.4340,OK
chebyshev320,3,1,dri,320,tau=403,320,anewdsc,320,478.8390,OK
chebyshev320,3,1,dri,320,tau=403,320,anewdsc_i0,320,490.6740,OK
chebyshev320,3,1,dri,320,tau=403,320,sage,320,234.3130,OK
chebyshev320,3,1,dri,320,tau=403,320,pari,320,60.9603,OK
chebyshev320,3,1,dri,320,tau=403,320,z3,320,2533.6100,OK
chebyshev320,3,1,dri,320,tau=403,320,cgal,320,2793.4700,OK
chebyshev320,3,1,dri,320,tau=403,320,libpoly,320,529.6680,OK
chebyshev40,4,1,dri,40,tau=48,40,IsaRRI,40,0.5639,OK
chebyshev40,4,1,dri,40,tau=48,40,msolve,40,0.5279,OK
chebyshev40,4,1,dri,40,tau=48,40,anewdsc,40,1.5520,OK
chebyshev40,4,1,dri,40,tau=48,40,anewdsc_i0,40,1.6870,OK
chebyshev40,4,1,dri,40,tau=48,40,sage,40,38.9650,OK
chebyshev40,4,1,dri,40,tau=48,40,pari,40,0.1809,OK
chebyshev40,4,1,dri,40,tau=48,40,z3,40,1.5406,OK
chebyshev40,4,1,dri,40,tau=48,40,cgal,40,5.5132,OK
chebyshev40,4,1,dri,40,tau=48,40,libpoly,40,1.1541,OK
chrma22,6,1,dri,21,tau=28,1,IsaRRI,1,0.0832,OK
chrma22,6,1,dri,21,tau=28,1,msolve,1,0.0338,OK
chrma22,6,1,dri,21,tau=28,1,anewdsc,1,0.3350,OK
chrma22,6,1,dri,21,tau=28,1,anewdsc_i0,1,0.5970,OK
chrma22,6,1,dri,21,tau=28,1,sage,1,15.8990,OK
chrma22,6,1,dri,21,tau=28,1,pari,1,0.1322,OK
chrma22,6,1,dri,21,tau=28,1,z3,1,0.0857,OK
chrma22,6,1,dri,21,tau=28,1,cgal,1,0.3015,OK
chrma22,6,1,dri,21,tau=28,1,libpoly,1,0.1237,OK
chrma342,7,1,dri,341,tau=478,3,IsaRRI,3,19.4217,OK
chrma342,7,1,dri,341,tau=478,3,msolve,3,11.8633,OK
chrma342,7,1,dri,341,tau=478,3,anewdsc,3,17.9960,OK
chrma342,7,1,dri,341,tau=478,3,anewdsc_i0,3,62.1130,OK
chrma342,7,1,dri,341,tau=478,3,sage,3,169.3190,OK
chrma342,7,1,dri,341,tau=478,3,pari,3,16.2518,OK
chrma342,7,1,dri,341,tau=478,3,z3,3,114.4140,OK
chrma342,7,1,dri,341,tau=478,3,cgal,3,212.6770,OK
chrma342,7,1,dri,341,tau=478,3,libpoly,3,9072.1800,OK
chrma86,8,1,dri,85,tau=118,1,IsaRRI,1,0.5902,OK
chrma86,8,1,dri,85,tau=118,1,msolve,1,0.2992,OK
chrma86,8,1,dri,85,tau=118,1,anewdsc,1,0.8640,OK
chrma86,8,1,dri,85,tau=118,1,anewdsc_i0,1,3.8820,OK
chrma86,8,1,dri,85,tau=118,1,sage,1,63.8580,OK
chrma86,8,1,dri,85,tau=118,1,pari,1,0.6120,OK
chrma86,8,1,dri,85,tau=118,1,z3,1,1.7734,OK
chrma86,8,1,dri,85,tau=118,1,cgal,1,5.1904,OK
chrma86,8,1,dri,85,tau=118,1,libpoly,1,10.9890,OK
chrma_d20,9,1,dri,20,tau=27,0,IsaRRI,0,0.0853,OK
chrma_d20,9,1,dri,20,tau=27,0,msolve,0,0.0362,OK
chrma_d20,9,1,dri,20,tau=27,0,anewdsc,0,0.3610,OK
chrma_d20,9,1,dri,20,tau=27,0,anewdsc_i0,0,0.4860,OK
chrma_d20,9,1,dri,20,tau=27,0,sage,0,1.1720,OK
chrma_d20,9,1,dri,20,tau=27,0,pari,0,0.0699,OK
chrma_d20,9,1,dri,20,tau=27,0,z3,0,0.0760,OK
chrma_d20,9,1,dri,20,tau=27,0,cgal,0,0.3308,OK
chrma_d20,9,1,dri,20,tau=27,0,libpoly,0,0.0950,OK
chrma_d340,10,1,dri,340,tau=481,0,IsaRRI,0,11.9483,OK
chrma_d340,10,1,dri,340,tau=481,0,msolve,0,8.9679,OK
chrma_d340,10,1,dri,340,tau=481,0,anewdsc,0,23.4630,OK
chrma_d340,10,1,dri,340,tau=481,0,anewdsc_i0,0,49.9590,OK
chrma_d340,10,1,dri,340,tau=481,0,sage,0,159.4770,OK
chrma_d340,10,1,dri,340,tau=481,0,pari,0,12.4894,OK
chrma_d340,10,1,dri,340,tau=481,0,z3,0,75.4365,OK
chrma_d340,10,1,dri,340,tau=481,0,cgal,0,131.6800,OK
chrma_d340,10,1,dri,340,tau=481,0,libpoly,0,5266.8300,OK
chrma_d84,11,1,dri,84,tau=117,0,IsaRRI,0,0.5797,OK
chrma_d84,11,1,dri,84,tau=117,0,msolve,0,0.4457,OK
chrma_d84,11,1,dri,84,tau=117,0,anewdsc,0,1.7890,OK
chrma_d84,11,1,dri,84,tau=117,0,anewdsc_i0,0,3.2680,OK
chrma_d84,11,1,dri,84,tau=117,0,sage,0,55.2820,OK
chrma_d84,11,1,dri,84,tau=117,0,pari,0,0.5745,OK
chrma_d84,11,1,dri,84,tau=117,0,z3,0,1.5801,OK
chrma_d84,11,1,dri,84,tau=117,0,cgal,0,6.2293,OK
chrma_d84,11,1,dri,84,tau=117,0,libpoly,0,6.8832,OK
chrmc23,12,1,dri,16,tau=29,4,IsaRRI,4,0.0709,OK
chrmc23,12,1,dri,16,tau=29,4,msolve,4,0.0257,OK
chrmc23,12,1,dri,16,tau=29,4,anewdsc,4,0.4470,OK
chrmc23,12,1,dri,16,tau=29,4,anewdsc_i0,4,0.4900,OK
chrmc23,12,1,dri,16,tau=29,4,sage,4,1.0540,OK
chrmc23,12,1,dri,16,tau=29,4,pari,4,0.1304,OK
chrmc23,12,1,dri,16,tau=29,4,z3,4,0.0525,OK
chrmc23,12,1,dri,16,tau=29,4,cgal,4,0.2164,OK
chrmc23,12,1,dri,16,tau=29,4,libpoly,4,0.1225,OK
chrmc343,13,1,dri,230,tau=479,8,IsaRRI,8,8.6027,OK
chrmc343,13,1,dri,230,tau=479,8,msolve,8,4.1132,OK
chrmc343,13,1,dri,230,tau=479,8,anewdsc,9,66.7860,OK
chrmc343,13,1,dri,230,tau=479,8,anewdsc_i0,8,62.4330,OK
chrmc343,13,1,dri,230,tau=479,8,sage,8,112.0740,OK
chrmc343,13,1,dri,230,tau=479,8,pari,8,8.8621,OK
chrmc343,13,1,dri,230,tau=479,8,z3,8,36.1797,OK
chrmc343,13,1,dri,230,tau=479,8,cgal,8,93.5842,OK
chrmc343,13,1,dri,230,tau=479,8,libpoly,8,5024.9500,OK
chrmc_d11,14,1,dri,11,tau=14,1,IsaRRI,1,0.0500,OK
chrmc_d11,14,1,dri,11,tau=14,1,msolve,1,0.0182,OK
chrmc_d11,14,1,dri,11,tau=14,1,anewdsc,1,0.2690,OK
chrmc_d11,14,1,dri,11,tau=14,1,anewdsc_i0,1,0.3130,OK
chrmc_d11,14,1,dri,11,tau=14,1,sage,1,11.0270,OK
chrmc_d11,14,1,dri,11,tau=14,1,pari,1,0.0487,OK
chrmc_d11,14,1,dri,11,tau=14,1,z3,1,0.0280,OK
chrmc_d11,14,1,dri,11,tau=14,1,cgal,1,0.1076,OK
chrmc_d11,14,1,dri,11,tau=14,1,libpoly,1,0.0422,OK
chrmc_d171,15,1,dri,171,tau=239,1,IsaRRI,1,2.5642,OK
chrmc_d171,15,1,dri,171,tau=239,1,msolve,1,1.9058,OK
chrmc_d171,15,1,dri,171,tau=239,1,anewdsc,1,6.3840,OK
chrmc_d171,15,1,dri,171,tau=239,1,anewdsc_i0,1,12.9990,OK
chrmc_d171,15,1,dri,171,tau=239,1,sage,1,88.6290,OK
chrmc_d171,15,1,dri,171,tau=239,1,pari,1,2.4912,OK
chrmc_d171,15,1,dri,171,tau=239,1,z3,1,10.6245,OK
chrmc_d171,15,1,dri,171,tau=239,1,cgal,1,26.8124,OK
chrmc_d171,15,1,dri,171,tau=239,1,libpoly,1,185.6850,OK
chrmc_d43,16,1,dri,43,tau=58,1,IsaRRI,1,0.2345,OK
chrmc_d43,16,1,dri,43,tau=58,1,msolve,1,0.1434,OK
chrmc_d43,16,1,dri,43,tau=58,1,anewdsc,1,0.6390,OK
chrmc_d43,16,1,dri,43,tau=58,1,anewdsc_i0,1,1.0310,OK
chrmc_d43,16,1,dri,43,tau=58,1,sage,1,36.9740,OK
chrmc_d43,16,1,dri,43,tau=58,1,pari,1,0.1805,OK
chrmc_d43,16,1,dri,43,tau=58,1,z3,1,0.4183,OK
chrmc_d43,16,1,dri,43,tau=58,1,cgal,1,1.4763,OK
chrmc_d43,16,1,dri,43,tau=58,1,libpoly,1,0.6464,OK
chrmc_d683,17,1,dri,683,tau=967,1,IsaRRI,1,108.6110,OK
chrmc_d683,17,1,dri,683,tau=967,1,msolve,1,55.3362,OK
chrmc_d683,17,1,dri,683,tau=967,1,anewdsc,1,127.2320,OK
chrmc_d683,17,1,dri,683,tau=967,1,anewdsc_i0,1,310.7160,OK
chrmc_d683,17,1,dri,683,tau=967,1,sage,1,408.6460,OK
chrmc_d683,17,1,dri,683,tau=967,1,pari,1,80.3484,OK
chrmc_d683,17,1,dri,683,tau=967,1,z3,1,697.1390,OK
chrmc_d683,17,1,dri,683,tau=967,1,cgal,1,752.2800,OK
chrmc_d683,17,1,dri,683,tau=967,1,libpoly,-1,60000.0000,TIMEOUT
easy100,23,1,dri,100,tau=7,0,IsaRRI,0,0.1847,OK
easy100,23,1,dri,100,tau=7,0,msolve,0,0.1369,OK
easy100,23,1,dri,100,tau=7,0,anewdsc,0,0.6480,OK
easy100,23,1,dri,100,tau=7,0,anewdsc_i0,0,0.9310,OK
easy100,23,1,dri,100,tau=7,0,sage,0,2.4460,OK
easy100,23,1,dri,100,tau=7,0,pari,0,0.0865,OK
easy100,23,1,dri,100,tau=7,0,z3,0,0.3533,OK
easy100,23,1,dri,100,tau=7,0,cgal,0,2.0811,OK
easy100,23,1,dri,100,tau=7,0,libpoly,0,0.0489,OK
easy1600,24,1,dri,1600,tau=11,0,IsaRRI,0,116.9650,OK
easy1600,24,1,dri,1600,tau=11,0,msolve,0,25.3829,OK
easy1600,24,1,dri,1600,tau=11,0,anewdsc,0,75.3740,OK
easy1600,24,1,dri,1600,tau=11,0,anewdsc_i0,0,279.4920,OK
easy1600,24,1,dri,1600,tau=11,0,sage,0,131.4100,OK
easy1600,24,1,dri,1600,tau=11,0,pari,0,4.9727,OK
easy1600,24,1,dri,1600,tau=11,0,z3,0,401.7560,OK
easy1600,24,1,dri,1600,tau=11,0,cgal,0,621.0580,OK
easy1600,24,1,dri,1600,tau=11,0,libpoly,0,0.5894,OK
easy200,25,1,dri,200,tau=8,0,IsaRRI,0,0.6536,OK
easy200,25,1,dri,200,tau=8,0,msolve,0,0.5635,OK
easy200,25,1,dri,200,tau=8,0,anewdsc,0,1.5340,OK
easy200,25,1,dri,200,tau=8,0,anewdsc_i0,0,3.2260,OK
easy200,25,1,dri,200,tau=8,0,sage,0,4.8040,OK
easy200,25,1,dri,200,tau=8,0,pari,0,0.2143,OK
easy200,25,1,dri,200,tau=8,0,z3,0,1.6444,OK
easy200,25,1,dri,200,tau=8,0,cgal,0,7.9366,OK
easy200,25,1,dri,200,tau=8,0,libpoly,0,0.0858,OK
easy3200,26,1,dri,3200,tau=12,0,IsaRRI,0,853.2130,OK
easy3200,26,1,dri,3200,tau=12,0,msolve,0,105.6360,OK
easy3200,26,1,dri,3200,tau=12,0,anewdsc,0,386.9290,OK
easy3200,26,1,dri,3200,tau=12,0,anewdsc_i0,0,1455.7340,OK
easy3200,26,1,dri,3200,tau=12,0,sage,0,751.1820,OK
easy3200,26,1,dri,3200,tau=12,0,pari,0,24.0389,OK
easy3200,26,1,dri,3200,tau=12,0,z3,0,2819.2700,OK
easy3200,26,1,dri,3200,tau=12,0,cgal,0,3153.9500,OK
easy3200,26,1,dri,3200,tau=12,0,libpoly,0,1.1395,OK
easy400,27,1,dri,400,tau=9,0,IsaRRI,0,2.6541,OK
easy400,27,1,dri,400,tau=9,0,msolve,0,2.3635,OK
easy400,27,1,dri,400,tau=9,0,anewdsc,0,4.8130,OK
easy400,27,1,dri,400,tau=9,0,anewdsc_i0,0,11.7950,OK
easy400,27,1,dri,400,tau=9,0,sage,0,11.5250,OK
easy400,27,1,dri,400,tau=9,0,pari,0,0.4710,OK
easy400,27,1,dri,400,tau=9,0,z3,0,8.2376,OK
easy400,27,1,dri,400,tau=9,0,cgal,0,31.5577,OK
easy400,27,1,dri,400,tau=9,0,libpoly,0,0.1668,OK
easy800,28,1,dri,800,tau=10,0,IsaRRI,0,18.3985,OK
easy800,28,1,dri,800,tau=10,0,msolve,0,6.8737,OK
easy800,28,1,dri,800,tau=10,0,anewdsc,0,17.4770,OK
easy800,28,1,dri,800,tau=10,0,anewdsc_i0,0,55.3050,OK
easy800,28,1,dri,800,tau=10,0,sage,0,33.3340,OK
easy800,28,1,dri,800,tau=10,0,pari,0,1.3818,OK
easy800,28,1,dri,800,tau=10,0,z3,0,50.0952,OK
easy800,28,1,dri,800,tau=10,0,cgal,0,133.1630,OK
easy800,28,1,dri,800,tau=10,0,libpoly,0,0.3100,OK
geom3_10,33,1,dri,10,tau=111,10,IsaRRI,10,0.0609,OK
geom3_10,33,1,dri,10,tau=111,10,msolve,10,0.0232,OK
geom3_10,33,1,dri,10,tau=111,10,anewdsc,10,0.4750,OK
geom3_10,33,1,dri,10,tau=111,10,anewdsc_i0,10,0.4720,OK
geom3_10,33,1,dri,10,tau=111,10,sage,10,10.9770,OK
geom3_10,33,1,dri,10,tau=111,10,pari,10,0.1787,OK
geom3_10,33,1,dri,10,tau=111,10,z3,10,0.0708,OK
geom3_10,33,1,dri,10,tau=111,10,cgal,10,0.2133,OK
geom3_10,33,1,dri,10,tau=111,10,libpoly,10,0.0922,OK
geom3_20,34,1,dri,20,tau=421,20,IsaRRI,20,0.1829,OK
geom3_20,34,1,dri,20,tau=421,20,msolve,20,0.0770,OK
geom3_20,34,1,dri,20,tau=421,20,anewdsc,20,1.3920,OK
geom3_20,34,1,dri,20,tau=421,20,anewdsc_i0,20,1.3730,OK
geom3_20,34,1,dri,20,tau=421,20,sage,20,16.7080,OK
geom3_20,34,1,dri,20,tau=421,20,pari,20,0.5469,OK
geom3_20,34,1,dri,20,tau=421,20,z3,20,0.4675,OK
geom3_20,34,1,dri,20,tau=421,20,cgal,20,1.3301,OK
geom3_20,34,1,dri,20,tau=421,20,libpoly,20,0.5199,OK
geom3_40,35,1,dri,40,tau=1641,40,IsaRRI,40,0.9968,OK
geom3_40,35,1,dri,40,tau=1641,40,msolve,40,0.3431,OK
geom3_40,35,1,dri,40,tau=1641,40,anewdsc,40,6.6500,OK
geom3_40,35,1,dri,40,tau=1641,40,anewdsc_i0,40,6.5750,OK
geom3_40,35,1,dri,40,tau=1641,40,sage,40,41.3210,OK
geom3_40,35,1,dri,40,tau=1641,40,pari,40,3.6083,OK
geom3_40,35,1,dri,40,tau=1641,40,z3,40,5.1694,OK
geom3_40,35,1,dri,40,tau=1641,40,cgal,40,9.9570,OK
geom3_40,35,1,dri,40,tau=1641,40,libpoly,40,4.8127,OK
geom3_80,36,1,dri,80,tau=6481,80,IsaRRI,80,7.4512,OK
geom3_80,36,1,dri,80,tau=6481,80,msolve,80,2.5683,OK
geom3_80,36,1,dri,80,tau=6481,80,anewdsc,80,40.5880,OK
geom3_80,36,1,dri,80,tau=6481,80,anewdsc_i0,80,39.6990,OK
geom3_80,36,1,dri,80,tau=6481,80,sage,80,82.7970,OK
geom3_80,36,1,dri,80,tau=6481,80,pari,80,52.7551,OK
geom3_80,36,1,dri,80,tau=6481,80,z3,80,110.2890,OK
geom3_80,36,1,dri,80,tau=6481,80,cgal,80,116.0600,OK
geom3_80,36,1,dri,80,tau=6481,80,libpoly,80,91.6443,OK
geom4_10,37,1,dri,10,tau=111,10,IsaRRI,10,0.0832,OK
geom4_10,37,1,dri,10,tau=111,10,msolve,10,0.0210,OK
geom4_10,37,1,dri,10,tau=111,10,anewdsc,10,0.4570,OK
geom4_10,37,1,dri,10,tau=111,10,anewdsc_i0,10,0.4810,OK
geom4_10,37,1,dri,10,tau=111,10,sage,10,10.9720,OK
geom4_10,37,1,dri,10,tau=111,10,pari,10,0.1287,OK
geom4_10,37,1,dri,10,tau=111,10,z3,10,0.0714,OK
geom4_10,37,1,dri,10,tau=111,10,cgal,10,0.2429,OK
geom4_10,37,1,dri,10,tau=111,10,libpoly,10,0.1404,OK
geom4_20,38,1,dri,20,tau=421,20,IsaRRI,20,0.2816,OK
geom4_20,38,1,dri,20,tau=421,20,msolve,20,0.0699,OK
geom4_20,38,1,dri,20,tau=421,20,anewdsc,20,1.6630,OK
geom4_20,38,1,dri,20,tau=421,20,anewdsc_i0,20,1.4300,OK
geom4_20,38,1,dri,20,tau=421,20,sage,20,16.2470,OK
geom4_20,38,1,dri,20,tau=421,20,pari,20,0.2098,OK
geom4_20,38,1,dri,20,tau=421,20,z3,20,0.4636,OK
geom4_20,38,1,dri,20,tau=421,20,cgal,20,1.4431,OK
geom4_20,38,1,dri,20,tau=421,20,libpoly,20,0.8908,OK
geom4_40,39,1,dri,40,tau=1641,40,IsaRRI,40,1.3137,OK
geom4_40,39,1,dri,40,tau=1641,40,msolve,40,0.3924,OK
geom4_40,39,1,dri,40,tau=1641,40,anewdsc,40,8.4800,OK
geom4_40,39,1,dri,40,tau=1641,40,anewdsc_i0,40,6.5890,OK
geom4_40,39,1,dri,40,tau=1641,40,sage,40,40.7730,OK
geom4_40,39,1,dri,40,tau=1641,40,pari,40,0.5877,OK
geom4_40,39,1,dri,40,tau=1641,40,z3,40,5.1449,OK
geom4_40,39,1,dri,40,tau=1641,40,cgal,40,11.6372,OK
geom4_40,39,1,dri,40,tau=1641,40,libpoly,40,9.7137,OK
geom4_80,40,1,dri,80,tau=6481,80,IsaRRI,80,12.7148,OK
geom4_80,40,1,dri,80,tau=6481,80,msolve,80,2.7401,OK
geom4_80,40,1,dri,80,tau=6481,80,anewdsc,82,80.1200,OK
geom4_80,40,1,dri,80,tau=6481,80,anewdsc_i0,80,39.9560,OK
geom4_80,40,1,dri,80,tau=6481,80,sage,80,81.8200,OK
geom4_80,40,1,dri,80,tau=6481,80,pari,80,2.6760,OK
geom4_80,40,1,dri,80,tau=6481,80,z3,80,111.9950,OK
geom4_80,40,1,dri,80,tau=6481,80,cgal,80,160.5970,OK
geom4_80,40,1,dri,80,tau=6481,80,libpoly,80,233.9540,OK
hermite160,41,1,dri,160,tau=573,160,IsaRRI,160,8.2609,OK
hermite160,41,1,dri,160,tau=573,160,msolve,160,21.0328,OK
hermite160,41,1,dri,160,tau=573,160,anewdsc,160,59.8930,OK
hermite160,41,1,dri,160,tau=573,160,anewdsc_i0,160,68.9680,OK
hermite160,41,1,dri,160,tau=573,160,sage,160,87.7070,OK
hermite160,41,1,dri,160,tau=573,160,pari,160,7.5568,OK
hermite160,41,1,dri,160,tau=573,160,z3,160,147.6910,OK
hermite160,41,1,dri,160,tau=573,160,cgal,160,320.8790,OK
hermite160,41,1,dri,160,tau=573,160,libpoly,160,57.5965,OK
hermite20,42,1,dri,20,tau=46,20,IsaRRI,20,0.1751,OK
hermite20,42,1,dri,20,tau=46,20,msolve,20,0.0928,OK
hermite20,42,1,dri,20,tau=46,20,anewdsc,20,0.4210,OK
hermite20,42,1,dri,20,tau=46,20,anewdsc_i0,20,0.5060,OK
hermite20,42,1,dri,20,tau=46,20,sage,20,15.4540,OK
hermite20,42,1,dri,20,tau=46,20,pari,20,0.0710,OK
hermite20,42,1,dri,20,tau=46,20,z3,20,0.2350,OK
hermite20,42,1,dri,20,tau=46,20,cgal,20,0.8073,OK
hermite20,42,1,dri,20,tau=46,20,libpoly,20,0.2215,OK
hermite320,43,1,dri,320,tau=1294,320,IsaRRI,320,41.9535,OK
hermite320,43,1,dri,320,tau=1294,320,msolve,320,184.9510,OK
hermite320,43,1,dri,320,tau=1294,320,anewdsc,320,449.3630,OK
hermite320,43,1,dri,320,tau=1294,320,anewdsc_i0,320,503.4970,OK
hermite320,43,1,dri,320,tau=1294,320,sage,320,324.0190,OK
hermite320,43,1,dri,320,tau=1294,320,pari,320,71.2104,OK
hermite320,43,1,dri,320,tau=1294,320,z3,320,2404.4200,OK
hermite320,43,1,dri,320,tau=1294,320,cgal,320,3084.4200,OK
hermite320,43,1,dri,320,tau=1294,320,libpoly,320,476.4350,OK
hermite40,44,1,dri,40,tau=108,40,IsaRRI,40,0.5722,OK
hermite40,44,1,dri,40,tau=108,40,msolve,40,0.4756,OK
hermite40,44,1,dri,40,tau=108,40,anewdsc,40,1.6850,OK
hermite40,44,1,dri,40,tau=108,40,anewdsc_i0,40,1.7790,OK
hermite40,44,1,dri,40,tau=108,40,sage,40,35.2900,OK
hermite40,44,1,dri,40,tau=108,40,pari,40,0.1986,OK
hermite40,44,1,dri,40,tau=108,40,z3,40,1.6178,OK
hermite40,44,1,dri,40,tau=108,40,cgal,40,4.9299,OK
hermite40,44,1,dri,40,tau=108,40,libpoly,40,1.0705,OK
hermite80,45,1,dri,80,tau=251,80,IsaRRI,80,1.8942,OK
hermite80,45,1,dri,80,tau=251,80,msolve,80,2.7102,OK
hermite80,45,1,dri,80,tau=251,80,anewdsc,80,8.3770,OK
hermite80,45,1,dri,80,tau=251,80,anewdsc_i0,80,9.2580,OK
hermite80,45,1,dri,80,tau=251,80,sage,80,68.7930,OK
hermite80,45,1,dri,80,tau=251,80,pari,80,1.0244,OK
hermite80,45,1,dri,80,tau=251,80,z3,80,14.5136,OK
hermite80,45,1,dri,80,tau=251,80,cgal,80,39.2155,OK
hermite80,45,1,dri,80,tau=251,80,libpoly,80,7.3684,OK
kats8,50,1,dri,256,tau=1249,84,IsaRRI,84,92.5469,OK
kats8,50,1,dri,256,tau=1249,84,msolve,84,84.8351,OK
kats8,50,1,dri,256,tau=1249,84,anewdsc,85,408.1780,OK
kats8,50,1,dri,256,tau=1249,84,anewdsc_i0,84,410.1570,OK
kats8,50,1,dri,256,tau=1249,84,sage,84,182.6570,OK
kats8,50,1,dri,256,tau=1249,84,pari,84,233.9070,OK
kats8,50,1,dri,256,tau=1249,84,z3,84,844.1600,OK
kats8,50,1,dri,256,tau=1249,84,cgal,84,818.6860,OK
kats8,50,1,dri,256,tau=1249,84,libpoly,84,56257.3000,OK
kir1_10,51,1,dri,8,tau=89,4,IsaRRI,4,0.0324,OK
kir1_10,51,1,dri,8,tau=89,4,msolve,4,0.0153,OK
kir1_10,51,1,dri,8,tau=89,4,anewdsc,4,0.3760,OK
kir1_10,51,1,dri,8,tau=89,4,anewdsc_i0,4,0.3650,OK
kir1_10,51,1,dri,8,tau=89,4,sage,4,0.6640,OK
kir1_10,51,1,dri,8,tau=89,4,pari,4,0.0713,OK
kir1_10,51,1,dri,8,tau=89,4,z3,4,0.0298,OK
kir1_10,51,1,dri,8,tau=89,4,cgal,4,0.1993,OK
kir1_10,51,1,dri,8,tau=89,4,libpoly,4,0.0565,OK
kir1_10_mod,52,1,dri,44,tau=89,2,IsaRRI,2,0.0760,OK
kir1_10_mod,52,1,dri,44,tau=89,2,msolve,2,0.2835,OK
kir1_10_mod,52,1,dri,44,tau=89,2,anewdsc,2,1.2600,OK
kir1_10_mod,52,1,dri,44,tau=89,2,anewdsc_i0,2,1.3380,OK
kir1_10_mod,52,1,dri,44,tau=89,2,sage,2,38.6540,OK
kir1_10_mod,52,1,dri,44,tau=89,2,pari,2,0.1292,OK
kir1_10_mod,52,1,dri,44,tau=89,2,z3,2,1.1795,OK
kir1_10_mod,52,1,dri,44,tau=89,2,cgal,2,2.8315,OK
kir1_10_mod,52,1,dri,44,tau=89,2,libpoly,2,0.1691,OK
laguerre160,58,1,dri,160,tau=976,160,IsaRRI,160,30.8017,OK
laguerre160,58,1,dri,160,tau=976,160,msolve,160,21.3776,OK
laguerre160,58,1,dri,160,tau=976,160,anewdsc,160,129.1750,OK
laguerre160,58,1,dri,160,tau=976,160,anewdsc_i0,160,141.1010,OK
laguerre160,58,1,dri,160,tau=976,160,sage,160,90.4920,OK
laguerre160,58,1,dri,160,tau=976,160,pari,160,64.1458,OK
laguerre160,58,1,dri,160,tau=976,160,z3,160,187.1990,OK
laguerre160,58,1,dri,160,tau=976,160,cgal,160,337.1560,OK
laguerre160,58,1,dri,160,tau=976,160,libpoly,160,58.4218,OK
laguerre20,59,1,dri,20,tau=69,20,IsaRRI,20,0.1775,OK
laguerre20,59,1,dri,20,tau=69,20,msolve,20,0.1163,OK
laguerre20,59,1,dri,20,tau=69,20,anewdsc,20,0.7290,OK
laguerre20,59,1,dri,20,tau=69,20,anewdsc_i0,20,0.8880,OK
laguerre20,59,1,dri,20,tau=69,20,sage,20,1.3700,OK
laguerre20,59,1,dri,20,tau=69,20,pari,20,0.1854,OK
laguerre20,59,1,dri,20,tau=69,20,z3,20,0.3042,OK
laguerre20,59,1,dri,20,tau=69,20,cgal,20,0.8438,OK
laguerre20,59,1,dri,20,tau=69,20,libpoly,20,0.3261,OK
laguerre320,60,1,dri,320,tau=2252,320,IsaRRI,320,243.8000,OK
laguerre320,60,1,dri,320,tau=2252,320,msolve,320,214.7460,OK
laguerre320,60,1,dri,320,tau=2252,320,anewdsc,320,959.6860,OK
laguerre320,60,1,dri,320,tau=2252,320,anewdsc_i0,320,1229.8530,OK
laguerre320,60,1,dri,320,tau=2252,320,sage,320,227.4200,OK
laguerre320,60,1,dri,320,tau=2252,320,pari,320,810.9100,OK
laguerre320,60,1,dri,320,tau=2252,320,z3,320,3308.9200,OK
laguerre320,60,1,dri,320,tau=2252,320,cgal,320,3616.9600,OK
laguerre320,60,1,dri,320,tau=2252,320,libpoly,320,450.4870,OK
laguerre40,61,1,dri,40,tau=172,40,IsaRRI,40,0.8632,OK
laguerre40,61,1,dri,40,tau=172,40,msolve,40,0.5385,OK
laguerre40,61,1,dri,40,tau=172,40,anewdsc,40,2.8320,OK
laguerre40,61,1,dri,40,tau=172,40,anewdsc_i0,40,4.0110,OK
laguerre40,61,1,dri,40,tau=172,40,sage,40,34.5640,OK
laguerre40,61,1,dri,40,tau=172,40,pari,40,1.0186,OK
laguerre40,61,1,dri,40,tau=172,40,z3,40,2.2212,OK
laguerre40,61,1,dri,40,tau=172,40,cgal,40,5.6754,OK
laguerre40,61,1,dri,40,tau=172,40,libpoly,40,1.6044,OK
laguerre80,62,1,dri,80,tau=415,80,IsaRRI,80,5.0288,OK
laguerre80,62,1,dri,80,tau=415,80,msolve,80,3.0886,OK
laguerre80,62,1,dri,80,tau=415,80,anewdsc,80,16.9270,OK
laguerre80,62,1,dri,80,tau=415,80,anewdsc_i0,80,21.5650,OK
laguerre80,62,1,dri,80,tau=415,80,sage,80,58.1190,OK
laguerre80,62,1,dri,80,tau=415,80,pari,80,7.1876,OK
laguerre80,62,1,dri,80,tau=415,80,z3,80,18.4763,OK
laguerre80,62,1,dri,80,tau=415,80,cgal,80,40.7294,OK
laguerre80,62,1,dri,80,tau=415,80,libpoly,80,9.0425,OK
lsr_24,81,1,dri,24,tau=532,4,IsaRRI,4,2.0611,OK
lsr_24,81,1,dri,24,tau=532,4,msolve,4,4.3673,OK
lsr_24,81,1,dri,24,tau=532,4,anewdsc,4,6.8420,OK
lsr_24,81,1,dri,24,tau=532,4,anewdsc_i0,4,4.7600,OK
lsr_24,81,1,dri,24,tau=532,4,sage,4,32.6520,OK
lsr_24,81,1,dri,24,tau=532,4,pari,4,6.0181,OK
lsr_24,81,1,dri,24,tau=532,4,z3,4,188.9650,OK
lsr_24,81,1,dri,24,tau=532,4,cgal,4,21.5146,OK
lsr_24,81,1,dri,24,tau=532,4,libpoly,4,13.9480,OK
mand1023,82,1,dri,1023,tau=597,93,IsaRRI,93,1639.2000,OK
mand1023,82,1,dri,1023,tau=597,93,msolve,93,1135.2600,OK
mand1023,82,1,dri,1023,tau=597,93,anewdsc,93,4371.0830,OK
mand1023,82,1,dri,1023,tau=597,93,anewdsc_i0,93,50940.7000,OK
mand1023,82,1,dri,1023,tau=597,93,sage,93,1221.0850,OK
mand1023,82,1,dri,1023,tau=597,93,pari,93,5784.3100,OK
mand1023,82,1,dri,1023,tau=597,93,z3,93,23703.1000,OK
mand1023,82,1,dri,1023,tau=597,93,cgal,93,18931.7000,OK
mand1023,82,1,dri,1023,tau=597,93,libpoly,93,11087.8000,OK
mand127,83,1,dri,127,tau=72,19,IsaRRI,19,3.3355,OK
mand127,83,1,dri,127,tau=72,19,msolve,19,2.8683,OK
mand127,83,1,dri,127,tau=72,19,anewdsc,19,11.6130,OK
mand127,83,1,dri,127,tau=72,19,anewdsc_i0,19,26.1850,OK
mand127,83,1,dri,127,tau=72,19,sage,19,73.8330,OK
mand127,83,1,dri,127,tau=72,19,pari,19,5.1535,OK
mand127,83,1,dri,127,tau=72,19,z3,19,13.3644,OK
mand127,83,1,dri,127,tau=72,19,cgal,19,33.3481,OK
mand127,83,1,dri,127,tau=72,19,libpoly,19,11.8133,OK
mand255,84,1,dri,255,tau=146,29,IsaRRI,29,18.1220,OK
mand255,84,1,dri,255,tau=146,29,msolve,29,14.5330,OK
mand255,84,1,dri,255,tau=146,29,anewdsc,29,63.6810,OK
mand255,84,1,dri,255,tau=146,29,anewdsc_i0,29,170.9910,OK
mand255,84,1,dri,255,tau=146,29,sage,29,142.3530,OK
mand255,84,1,dri,255,tau=146,29,pari,29,40.9046,OK
mand255,84,1,dri,255,tau=146,29,z3,29,139.3260,OK
mand255,84,1,dri,255,tau=146,29,cgal,29,204.8940,OK
mand255,84,1,dri,255,tau=146,29,libpoly,29,81.7882,OK
mand31,85,1,dri,31,tau=16,7,IsaRRI,7,0.2226,OK
mand31,85,1,dri,31,tau=16,7,msolve,7,0.1164,OK
mand31,85,1,dri,31,tau=16,7,anewdsc,7,0.7630,OK
mand31,85,1,dri,31,tau=16,7,anewdsc_i0,7,1.0020,OK
mand31,85,1,dri,31,tau=16,7,sage,7,22.2120,OK
mand31,85,1,dri,31,tau=16,7,pari,7,0.2676,OK
mand31,85,1,dri,31,tau=16,7,z3,7,0.3153,OK
mand31,85,1,dri,31,tau=16,7,cgal,7,1.2118,OK
mand31,85,1,dri,31,tau=16,7,libpoly,7,0.3653,OK
mand511,86,1,dri,511,tau=296,55,IsaRRI,55,158.4200,OK
mand511,86,1,dri,511,tau=296,55,msolve,55,146.4430,OK
mand511,86,1,dri,511,tau=296,55,anewdsc,55,645.5260,OK
mand511,86,1,dri,511,tau=296,55,anewdsc_i0,55,2768.9720,OK
mand511,86,1,dri,511,tau=296,55,sage,55,375.7860,OK
mand511,86,1,dri,511,tau=296,55,pari,55,574.0250,OK
mand511,86,1,dri,511,tau=296,55,z3,55,2373.2700,OK
mand511,86,1,dri,511,tau=296,55,cgal,55,2116.8800,OK
mand511,86,1,dri,511,tau=296,55,libpoly,55,900.2640,OK
mand63,87,1,dri,63,tau=35,9,IsaRRI,9,0.5855,OK
mand63,87,1,dri,63,tau=35,9,msolve,9,0.4656,OK
mand63,87,1,dri,63,tau=35,9,anewdsc,9,1.9060,OK
mand63,87,1,dri,63,tau=35,9,anewdsc_i0,9,2.4350,OK
mand63,87,1,dri,63,tau=35,9,sage,9,49.5670,OK
mand63,87,1,dri,63,tau=35,9,pari,9,0.6438,OK
mand63,87,1,dri,63,tau=35,9,z3,9,1.4196,OK
mand63,87,1,dri,63,tau=35,9,cgal,9,4.7698,OK
mand63,87,1,dri,63,tau=35,9,libpoly,9,1.6590,OK
mult3,94,1,dri,20,tau=73,20,IsaRRI,20,0.1403,OK
mult3,94,1,dri,20,tau=73,20,msolve,20,0.0739,OK
mult3,94,1,dri,20,tau=73,20,anewdsc,21,1.0000,OK
mult3,94,1,dri,20,tau=73,20,anewdsc_i0,20,0.9920,OK
mult3,94,1,dri,20,tau=73,20,sage,20,1.5830,OK
mult3,94,1,dri,20,tau=73,20,pari,20,0.2687,OK
mult3,94,1,dri,20,tau=73,20,z3,20,0.2206,OK
mult3,94,1,dri,20,tau=73,20,cgal,20,0.9593,OK
mult3,94,1,dri,20,tau=73,20,libpoly,20,0.5385,OK
mult4,95,1,dri,18,tau=40,2,IsaRRI,2,0.0936,OK
mult4,95,1,dri,18,tau=40,2,msolve,2,0.0392,OK
mult4,95,1,dri,18,tau=40,2,anewdsc,2,0.9920,OK
mult4,95,1,dri,18,tau=40,2,anewdsc_i0,3,0.9920,OK
mult4,95,1,dri,18,tau=40,2,sage,2,15.5860,OK
mult4,95,1,dri,18,tau=40,2,pari,2,0.1227,OK
mult4,95,1,dri,18,tau=40,2,z3,2,0.0878,OK
mult4,95,1,dri,18,tau=40,2,cgal,2,1.3087,OK
mult4,95,1,dri,18,tau=40,2,libpoly,2,0.1378,OK
wilk160,126,1,dri,160,tau=951,160,IsaRRI,160,22.9180,OK
wilk160,126,1,dri,160,tau=951,160,msolve,160,6.1747,OK
wilk160,126,1,dri,160,tau=951,160,anewdsc,160,183.8290,OK
wilk160,126,1,dri,160,tau=951,160,anewdsc_i0,160,204.7760,OK
wilk160,126,1,dri,160,tau=951,160,sage,160,91.6240,OK
wilk160,126,1,dri,160,tau=951,160,pari,160,1.9263,OK
wilk160,126,1,dri,160,tau=951,160,z3,160,129.7280,OK
wilk160,126,1,dri,160,tau=951,160,cgal,160,333.3730,OK
wilk160,126,1,dri,160,tau=951,160,libpoly,160,43.2437,OK
wilk20,127,1,dri,20,tau=64,20,IsaRRI,20,0.1729,OK
wilk20,127,1,dri,20,tau=64,20,msolve,20,0.0470,OK
wilk20,127,1,dri,20,tau=64,20,anewdsc,20,0.8440,OK
wilk20,127,1,dri,20,tau=64,20,anewdsc_i0,20,0.8950,OK
wilk20,127,1,dri,20,tau=64,20,sage,20,20.5430,OK
wilk20,127,1,dri,20,tau=64,20,pari,20,0.1633,OK
wilk20,127,1,dri,20,tau=64,20,z3,20,0.2341,OK
wilk20,127,1,dri,20,tau=64,20,cgal,20,0.8521,OK
wilk20,127,1,dri,20,tau=64,20,libpoly,20,0.1726,OK
wilk320,128,1,dri,320,tau=2213,320,IsaRRI,320,300.0380,OK
wilk320,128,1,dri,320,tau=2213,320,msolve,320,56.2984,OK
wilk320,128,1,dri,320,tau=2213,320,anewdsc,320,3912.5690,OK
wilk320,128,1,dri,320,tau=2213,320,anewdsc_i0,320,1349.2320,OK
wilk320,128,1,dri,320,tau=2213,320,sage,320,288.0640,OK
wilk320,128,1,dri,320,tau=2213,320,pari,320,7.2097,OK
wilk320,128,1,dri,320,tau=2213,320,z3,320,2033.9300,OK
wilk320,128,1,dri,320,tau=2213,320,cgal,320,3561.1100,OK
wilk320,128,1,dri,320,tau=2213,320,libpoly,320,379.4900,OK
wilk40,129,1,dri,40,tau=163,40,IsaRRI,40,0.5863,OK
wilk40,129,1,dri,40,tau=163,40,msolve,40,0.2175,OK
wilk40,129,1,dri,40,tau=163,40,anewdsc,40,4.2050,OK
wilk40,129,1,dri,40,tau=163,40,anewdsc_i0,40,4.1470,OK
wilk40,129,1,dri,40,tau=163,40,sage,40,38.2740,OK
wilk40,129,1,dri,40,tau=163,40,pari,40,0.2794,OK
wilk40,129,1,dri,40,tau=163,40,z3,40,1.4705,OK
wilk40,129,1,dri,40,tau=163,40,cgal,40,5.3223,OK
wilk40,129,1,dri,40,tau=163,40,libpoly,40,0.8430,OK
wilk80,130,1,dri,80,tau=399,80,IsaRRI,80,2.9667,OK
wilk80,130,1,dri,80,tau=399,80,msolve,80,1.1193,OK
wilk80,130,1,dri,80,tau=399,80,anewdsc,80,23.8130,OK
wilk80,130,1,dri,80,tau=399,80,anewdsc_i0,80,26.1960,OK
wilk80,130,1,dri,80,tau=399,80,sage,80,60.2830,OK
wilk80,130,1,dri,80,tau=399,80,pari,80,0.6570,OK
wilk80,130,1,dri,80,tau=399,80,z3,80,13.1572,OK
wilk80,130,1,dri,80,tau=399,80,cgal,80,39.5318,OK
wilk80,130,1,dri,80,tau=399,80,libpoly,80,5.8545,OK
curz160,18,1,drq,160,tau=904,0,IsaRRI,0,1.7060,OK
curz160,18,1,drq,160,tau=904,0,msolve,0,1.2425,OK
curz160,18,1,drq,160,tau=904,0,anewdsc,0,2.6460,OK
curz160,18,1,drq,160,tau=904,0,anewdsc_i0,0,19.6780,OK
curz160,18,1,drq,160,tau=904,0,sage,0,12.7130,OK
curz160,18,1,drq,160,tau=904,0,pari,0,1.5679,OK
curz160,18,1,drq,160,tau=904,0,z3,0,12.9670,OK
curz160,18,1,drq,160,tau=904,0,cgal,0,16.7814,OK
curz160,18,1,drq,160,tau=904,0,libpoly,0,2445.4600,OK
curz20,19,1,drq,20,tau=63,0,IsaRRI,0,0.0670,OK
curz20,19,1,drq,20,tau=63,0,msolve,0,0.0388,OK
curz20,19,1,drq,20,tau=63,0,anewdsc,0,0.2600,OK
curz20,19,1,drq,20,tau=63,0,anewdsc_i0,0,0.3930,OK
curz20,19,1,drq,20,tau=63,0,sage,0,1.0710,OK
curz20,19,1,drq,20,tau=63,0,pari,0,0.0642,OK
curz20,19,1,drq,20,tau=63,0,z3,0,0.0873,OK
curz20,19,1,drq,20,tau=63,0,cgal,0,0.2086,OK
curz20,19,1,drq,20,tau=63,0,libpoly,0,0.1693,OK
curz40,20,1,drq,40,tau=160,0,IsaRRI,0,0.1318,OK
curz40,20,1,drq,40,tau=160,0,msolve,0,0.0783,OK
curz40,20,1,drq,40,tau=160,0,anewdsc,0,0.4330,OK
curz40,20,1,drq,40,tau=160,0,anewdsc_i0,0,0.8660,OK
curz40,20,1,drq,40,tau=160,0,sage,0,33.6700,OK
curz40,20,1,drq,40,tau=160,0,pari,0,0.1312,OK
curz40,20,1,drq,40,tau=160,0,z3,0,0.3065,OK
curz40,20,1,drq,40,tau=160,0,cgal,0,0.8417,OK
curz40,20,1,drq,40,tau=160,0,libpoly,0,2.3303,OK
curz80,21,1,drq,80,tau=382,0,IsaRRI,0,0.4451,OK
curz80,21,1,drq,80,tau=382,0,msolve,0,0.2582,OK
curz80,21,1,drq,80,tau=382,0,anewdsc,0,0.9520,OK
curz80,21,1,drq,80,tau=382,0,anewdsc_i0,0,3.1790,OK
curz80,21,1,drq,80,tau=382,0,sage,0,54.8270,OK
curz80,21,1,drq,80,tau=382,0,pari,0,0.3740,OK
curz80,21,1,drq,80,tau=382,0,z3,0,1.8274,OK
curz80,21,1,drq,80,tau=382,0,cgal,0,3.5482,OK
curz80,21,1,drq,80,tau=382,0,libpoly,0,75.1070,OK
exp100,29,1,drq,100,tau=525,0,IsaRRI,0,0.3515,OK
exp100,29,1,drq,100,tau=525,0,msolve,0,0.2527,OK
exp100,29,1,drq,100,tau=525,0,anewdsc,0,1.7250,OK
exp100,29,1,drq,100,tau=525,0,anewdsc_i0,0,2.2160,OK
exp100,29,1,drq,100,tau=525,0,sage,0,60.4870,OK
exp100,29,1,drq,100,tau=525,0,pari,0,0.4762,OK
exp100,29,1,drq,100,tau=525,0,z3,0,1.3995,OK
exp100,29,1,drq,100,tau=525,0,cgal,0,4.2425,OK
exp100,29,1,drq,100,tau=525,0,libpoly,0,0.8675,OK
exp200,30,1,drq,200,tau=1246,0,IsaRRI,0,1.1927,OK
exp200,30,1,drq,200,tau=1246,0,msolve,0,1.0017,OK
exp200,30,1,drq,200,tau=1246,0,anewdsc,0,5.7470,OK
exp200,30,1,drq,200,tau=1246,0,anewdsc_i0,0,6.8010,OK
exp200,30,1,drq,200,tau=1246,0,sage,0,78.0320,OK
exp200,30,1,drq,200,tau=1246,0,pari,0,2.0116,OK
exp200,30,1,drq,200,tau=1246,0,z3,0,8.3625,OK
exp200,30,1,drq,200,tau=1246,0,cgal,0,17.3702,OK
exp200,30,1,drq,200,tau=1246,0,libpoly,0,3.8272,OK
exp400,31,1,drq,400,tau=2887,0,IsaRRI,0,5.9147,OK
exp400,31,1,drq,400,tau=2887,0,msolve,0,4.6559,OK
exp400,31,1,drq,400,tau=2887,0,anewdsc,0,22.4530,OK
exp400,31,1,drq,400,tau=2887,0,anewdsc_i0,0,25.5350,OK
exp400,31,1,drq,400,tau=2887,0,sage,0,28.7000,OK
exp400,31,1,drq,400,tau=2887,0,pari,0,11.1300,OK
exp400,31,1,drq,400,tau=2887,0,z3,0,80.8546,OK
exp400,31,1,drq,400,tau=2887,0,cgal,0,83.7410,OK
exp400,31,1,drq,400,tau=2887,0,libpoly,0,19.4951,OK
exp50,32,1,drq,50,tau=215,0,IsaRRI,0,0.1276,OK
exp50,32,1,drq,50,tau=215,0,msolve,0,0.0962,OK
exp50,32,1,drq,50,tau=215,0,anewdsc,0,0.5130,OK
exp50,32,1,drq,50,tau=215,0,anewdsc_i0,0,0.7840,OK
exp50,32,1,drq,50,tau=215,0,sage,0,44.0400,OK
exp50,32,1,drq,50,tau=215,0,pari,0,0.1312,OK
exp50,32,1,drq,50,tau=215,0,z3,0,0.3053,OK
exp50,32,1,drq,50,tau=215,0,cgal,0,1.0772,OK
exp50,32,1,drq,50,tau=215,0,libpoly,0,0.2087,OK
legendre160,69,1,drq,160,tau=354,160,IsaRRI,160,10.3536,OK
legendre160,69,1,drq,160,tau=354,160,msolve,160,22.5996,OK
legendre160,69,1,drq,160,tau=354,160,anewdsc,160,61.3370,OK
legendre160,69,1,drq,160,tau=354,160,anewdsc_i0,160,64.2230,OK
legendre160,69,1,drq,160,tau=354,160,sage,160,85.9020,OK
legendre160,69,1,drq,160,tau=354,160,pari,160,7.9365,OK
legendre160,69,1,drq,160,tau=354,160,z3,160,183.2570,OK
legendre160,69,1,drq,160,tau=354,160,cgal,160,295.0310,OK
legendre160,69,1,drq,160,tau=354,160,libpoly,160,71.5155,OK
legendre20,70,1,drq,20,tau=39,20,IsaRRI,20,0.1677,OK
legendre20,70,1,drq,20,tau=39,20,msolve,20,0.1266,OK
legendre20,70,1,drq,20,tau=39,20,anewdsc,20,0.4460,OK
legendre20,70,1,drq,20,tau=39,20,anewdsc_i0,20,0.5220,OK
legendre20,70,1,drq,20,tau=39,20,sage,20,15.2230,OK
legendre20,70,1,drq,20,tau=39,20,pari,20,0.0768,OK
legendre20,70,1,drq,20,tau=39,20,z3,20,0.2883,OK
legendre20,70,1,drq,20,tau=39,20,cgal,20,0.7973,OK
legendre20,70,1,drq,20,tau=39,20,libpoly,20,0.2270,OK
legendre320,71,1,drq,320,tau=717,320,IsaRRI,320,39.9560,OK
legendre320,71,1,drq,320,tau=717,320,msolve,320,230.1280,OK
legendre320,71,1,drq,320,tau=717,320,anewdsc,320,498.3450,OK
legendre320,71,1,drq,320,tau=717,320,anewdsc_i0,320,528.8660,OK
legendre320,71,1,drq,320,tau=717,320,sage,320,294.5260,OK
legendre320,71,1,drq,320,tau=717,320,pari,320,74.0144,OK
legendre320,71,1,drq,320,tau=717,320,z3,320,3344.4200,OK
legendre320,71,1,drq,320,tau=717,320,cgal,320,2806.2700,OK
legendre320,71,1,drq,320,tau=717,320,libpoly,320,589.6840,OK
legendre40,72,1,drq,40,tau=83,40,IsaRRI,40,0.8523,OK
legendre40,72,1,drq,40,tau=83,40,msolve,40,0.5426,OK
legendre40,72,1,drq,40,tau=83,40,anewdsc,40,1.4580,OK
legendre40,72,1,drq,40,tau=83,40,anewdsc_i0,40,1.6370,OK
legendre40,72,1,drq,40,tau=83,40,sage,40,36.1680,OK
legendre40,72,1,drq,40,tau=83,40,pari,40,0.2213,OK
legendre40,72,1,drq,40,tau=83,40,z3,40,1.9290,OK
legendre40,72,1,drq,40,tau=83,40,cgal,40,5.2859,OK
legendre40,72,1,drq,40,tau=83,40,libpoly,40,1.3048,OK
legendre80,73,1,drq,80,tau=173,80,IsaRRI,80,1.9148,OK
legendre80,73,1,drq,80,tau=173,80,msolve,80,2.9943,OK
legendre80,73,1,drq,80,tau=173,80,anewdsc,80,8.8300,OK
legendre80,73,1,drq,80,tau=173,80,anewdsc_i0,80,9.7130,OK
legendre80,73,1,drq,80,tau=173,80,sage,80,58.7580,OK
legendre80,73,1,drq,80,tau=173,80,pari,80,1.0690,OK
legendre80,73,1,drq,80,tau=173,80,z3,80,17.1010,OK
legendre80,73,1,drq,80,tau=173,80,cgal,80,39.1974,OK
legendre80,73,1,drq,80,tau=173,80,libpoly,80,9.4727,OK
sendra160,105,1,drq,160,tau=1148,2,IsaRRI,2,3.0738,OK
sendra160,105,1,drq,160,tau=1148,2,msolve,2,1.6333,OK
sendra160,105,1,drq,160,tau=1148,2,anewdsc,2,8.4240,OK
sendra160,105,1,drq,160,tau=1148,2,anewdsc_i0,2,9.6720,OK
sendra160,105,1,drq,160,tau=1148,2,sage,2,78.5710,OK
sendra160,105,1,drq,160,tau=1148,2,pari,2,4.9719,OK
sendra160,105,1,drq,160,tau=1148,2,z3,2,19.3679,OK
sendra160,105,1,drq,160,tau=1148,2,cgal,2,22.8214,OK
sendra160,105,1,drq,160,tau=1148,2,libpoly,2,56.4520,OK
sendra20,106,1,drq,20,tau=86,2,IsaRRI,2,0.1009,OK
sendra20,106,1,drq,20,tau=86,2,msolve,2,0.0385,OK
sendra20,106,1,drq,20,tau=86,2,anewdsc,2,0.3340,OK
sendra20,106,1,drq,20,tau=86,2,anewdsc_i0,2,0.4510,OK
sendra20,106,1,drq,20,tau=86,2,sage,2,1.1850,OK
sendra20,106,1,drq,20,tau=86,2,pari,2,0.1755,OK
sendra20,106,1,drq,20,tau=86,2,z3,2,0.1336,OK
sendra20,106,1,drq,20,tau=86,2,cgal,2,0.3158,OK
sendra20,106,1,drq,20,tau=86,2,libpoly,2,0.1189,OK
sendra320,107,1,drq,320,tau=2615,2,IsaRRI,2,16.6002,OK
sendra320,107,1,drq,320,tau=2615,2,msolve,2,10.7123,OK
sendra320,107,1,drq,320,tau=2615,2,anewdsc,2,48.3230,OK
sendra320,107,1,drq,320,tau=2615,2,anewdsc_i0,2,61.8360,OK
sendra320,107,1,drq,320,tau=2615,2,sage,2,157.6490,OK
sendra320,107,1,drq,320,tau=2615,2,pari,2,33.6518,OK
sendra320,107,1,drq,320,tau=2615,2,z3,2,164.5930,OK
sendra320,107,1,drq,320,tau=2615,2,cgal,2,127.4910,OK
sendra320,107,1,drq,320,tau=2615,2,libpoly,2,1596.3400,OK
sendra40,108,1,drq,40,tau=209,2,IsaRRI,2,0.2500,OK
sendra40,108,1,drq,40,tau=209,2,msolve,2,0.1425,OK
sendra40,108,1,drq,40,tau=209,2,anewdsc,2,0.7670,OK
sendra40,108,1,drq,40,tau=209,2,anewdsc_i0,2,0.9990,OK
sendra40,108,1,drq,40,tau=209,2,sage,2,34.2480,OK
sendra40,108,1,drq,40,tau=209,2,pari,2,0.3570,OK
sendra40,108,1,drq,40,tau=209,2,z3,2,0.5278,OK
sendra40,108,1,drq,40,tau=209,2,cgal,2,1.1697,OK
sendra40,108,1,drq,40,tau=209,2,libpoly,2,0.4889,OK
sendra80,109,1,drq,80,tau=495,2,IsaRRI,2,0.7190,OK
sendra80,109,1,drq,80,tau=495,2,msolve,2,0.4476,OK
sendra80,109,1,drq,80,tau=495,2,anewdsc,2,2.3020,OK
sendra80,109,1,drq,80,tau=495,2,anewdsc_i0,2,2.6920,OK
sendra80,109,1,drq,80,tau=495,2,sage,2,55.6830,OK
sendra80,109,1,drq,80,tau=495,2,pari,2,1.0650,OK
sendra80,109,1,drq,80,tau=495,2,z3,2,2.6363,OK
sendra80,109,1,drq,80,tau=495,2,cgal,2,4.9426,OK
sendra80,109,1,drq,80,tau=495,2,libpoly,2,3.2920,OK
wilk_mod,131,1,drq,30,tau=137,20,IsaRRI,20,0.2904,OK
wilk_mod,131,1,drq,30,tau=137,20,msolve,20,0.1112,OK
wilk_mod,131,1,drq,30,tau=137,20,anewdsc,20,1.8880,OK
wilk_mod,131,1,drq,30,tau=137,20,anewdsc_i0,20,2.0850,OK
wilk_mod,131,1,drq,30,tau=137,20,sage,20,22.0780,OK
wilk_mod,131,1,drq,30,tau=137,20,pari,20,0.2240,OK
wilk_mod,131,1,drq,30,tau=137,20,z3,20,0.5550,OK
wilk_mod,131,1,drq,30,tau=137,20,cgal,20,1.7751,OK
wilk_mod,131,1,drq,30,tau=137,20,libpoly,20,1.6034,OK
lar1,63,1,srf,20,tau=997,0,IsaRRI,0,0.0417,OK
lar1,63,1,srf,20,tau=997,0,msolve,0,0.0236,OK
lar1,63,1,srf,20,tau=997,0,anewdsc,0,0.0960,OK
lar1,63,1,srf,20,tau=997,0,anewdsc_i0,0,0.1240,OK
lar1,63,1,srf,20,tau=997,0,sage,0,0.5770,OK
lar1,63,1,srf,20,tau=997,0,pari,0,0.0430,OK
lar1,63,1,srf,20,tau=997,0,z3,0,0.0410,OK
lar1,63,1,srf,20,tau=997,0,cgal,0,7.1232,OK
lar1,63,1,srf,20,tau=997,0,libpoly,0,2.9112,OK
lar1_200,64,1,srf,200,tau=997,0,IsaRRI,0,0.1638,OK
lar1_200,64,1,srf,200,tau=997,0,msolve,0,0.1580,OK
lar1_200,64,1,srf,200,tau=997,0,anewdsc,0,1.0130,OK
lar1_200,64,1,srf,200,tau=997,0,anewdsc_i0,0,0.7760,OK
lar1_200,64,1,srf,200,tau=997,0,sage,0,2.1700,OK
lar1_200,64,1,srf,200,tau=997,0,pari,0,0.0953,OK
lar1_200,64,1,srf,200,tau=997,0,z3,0,1.0258,OK
lar1_200,64,1,srf,200,tau=997,0,cgal,0,11.1409,OK
lar1_200,64,1,srf,200,tau=997,0,libpoly,0,214.1280,OK
lar2,65,1,srf,20,tau=1994,2,IsaRRI,2,0.0577,OK
lar2,65,1,srf,20,tau=1994,2,msolve,2,0.0229,OK
lar2,65,1,srf,20,tau=1994,2,anewdsc,2,0.2760,OK
lar2,65,1,srf,20,tau=1994,2,anewdsc_i0,2,0.3290,OK
lar2,65,1,srf,20,tau=1994,2,sage,1,16.3350,OK
lar2,65,1,srf,20,tau=1994,2,pari,2,0.0739,OK
lar2,65,1,srf,20,tau=1994,2,z3,2,0.3589,OK
lar2,65,1,srf,20,tau=1994,2,cgal,2,0.2760,OK
lar2,65,1,srf,20,tau=1994,2,libpoly,2,2.1883,OK
lar3,66,1,srf,20,tau=1329,2,IsaRRI,2,0.0778,OK
lar3,66,1,srf,20,tau=1329,2,msolve,2,0.0491,OK
lar3,66,1,srf,20,tau=1329,2,anewdsc,2,0.1460,OK
lar3,66,1,srf,20,tau=1329,2,anewdsc_i0,2,0.2030,OK
lar3,66,1,srf,20,tau=1329,2,sage,2,100.1620,OK
lar3,66,1,srf,20,tau=1329,2,pari,2,0.1513,OK
lar3,66,1,srf,20,tau=1329,2,z3,2,2.6189,OK
lar3,66,1,srf,20,tau=1329,2,cgal,2,19.3970,OK
lar3,66,1,srf,20,tau=1329,2,libpoly,2,135.6280,OK
lar4,67,1,srf,23,tau=11959,1,IsaRRI,1,0.0307,OK
lar4,67,1,srf,23,tau=11959,1,msolve,1,0.0199,OK
lar4,67,1,srf,23,tau=11959,1,anewdsc,1,0.2320,OK
lar4,67,1,srf,23,tau=11959,1,anewdsc_i0,1,0.1940,OK
lar4,67,1,srf,23,tau=11959,1,sage,1,0.8950,OK
lar4,67,1,srf,23,tau=11959,1,pari,1,0.0526,OK
lar4,67,1,srf,23,tau=11959,1,z3,1,0.1260,OK
lar4,67,1,srf,23,tau=11959,1,cgal,1,190.7700,OK
lar4,67,1,srf,23,tau=11959,1,libpoly,1,1.3880,OK
lar5,68,1,srf,20,tau=6648,2,IsaRRI,2,0.2188,OK
lar5,68,1,srf,20,tau=6648,2,msolve,2,0.2507,OK
lar5,68,1,srf,20,tau=6648,2,anewdsc,2,0.1810,OK
lar5,68,1,srf,20,tau=6648,2,anewdsc_i0,2,0.1960,OK
lar5,68,1,srf,20,tau=6648,2,sage,2,482.3890,OK
lar5,68,1,srf,20,tau=6648,2,pari,2,0.5522,OK
lar5,68,1,srf,20,tau=6648,2,z3,2,72.2021,OK
lar5,68,1,srf,20,tau=6648,2,cgal,2,1011.4200,OK
lar5,68,1,srf,20,tau=6648,2,libpoly,2,8580.2400,OK
kam3_1,46,1,sri,9,tau=80,3,IsaRRI,3,0.2777,OK
kam3_1,46,1,sri,9,tau=80,3,msolve,3,0.3381,OK
kam3_1,46,1,sri,9,tau=80,3,anewdsc,3,1.1340,OK
kam3_1,46,1,sri,9,tau=80,3,anewdsc_i0,3,1.0180,OK
kam3_1,46,1,sri,9,tau=80,3,sage,3,14.4620,OK
kam3_1,46,1,sri,9,tau=80,3,pari,3,0.3768,OK
kam3_1,46,1,sri,9,tau=80,3,z3,3,3.3058,OK
kam3_1,46,1,sri,9,tau=80,3,cgal,3,1.5917,OK
kam3_1,46,1,sri,9,tau=80,3,libpoly,3,0.2312,OK
kam3_2,47,1,sri,9,tau=266,3,IsaRRI,3,1.1115,OK
kam3_2,47,1,sri,9,tau=266,3,msolve,3,1.3059,OK
kam3_2,47,1,sri,9,tau=266,3,anewdsc,3,1.7950,OK
kam3_2,47,1,sri,9,tau=266,3,anewdsc_i0,3,1.7230,OK
kam3_2,47,1,sri,9,tau=266,3,sage,3,19.8970,OK
kam3_2,47,1,sri,9,tau=266,3,pari,3,1.5570,OK
kam3_2,47,1,sri,9,tau=266,3,z3,3,67.2831,OK
kam3_2,47,1,sri,9,tau=266,3,cgal,3,5.6214,OK
kam3_2,47,1,sri,9,tau=266,3,libpoly,3,0.8093,OK
kam3_3,48,1,sri,9,tau=931,3,IsaRRI,3,7.6477,OK
kam3_3,48,1,sri,9,tau=931,3,msolve,3,6.8520,OK
kam3_3,48,1,sri,9,tau=931,3,anewdsc,3,4.2570,OK
kam3_3,48,1,sri,9,tau=931,3,anewdsc_i0,3,4.6890,OK
kam3_3,48,1,sri,9,tau=931,3,sage,3,46.3350,OK
kam3_3,48,1,sri,9,tau=931,3,pari,3,14.2812,OK
kam3_3,48,1,sri,9,tau=931,3,z3,3,2250.8600,OK
kam3_3,48,1,sri,9,tau=931,3,cgal,3,23.6757,OK
kam3_3,48,1,sri,9,tau=931,3,libpoly,3,4.9147,OK
kam4,49,1,sri,14,tau=160,4,IsaRRI,4,0.7788,OK
kam4,49,1,sri,14,tau=160,4,msolve,4,0.8509,OK
kam4,49,1,sri,14,tau=160,4,anewdsc,4,2.4820,OK
kam4,49,1,sri,14,tau=160,4,anewdsc_i0,4,2.4010,OK
kam4,49,1,sri,14,tau=160,4,sage,4,18.5760,OK
kam4,49,1,sri,14,tau=160,4,pari,4,0.9310,OK
kam4,49,1,sri,14,tau=160,4,z3,4,8.8663,OK
kam4,49,1,sri,14,tau=160,4,cgal,4,4.4357,OK
kam4,49,1,sri,14,tau=160,4,libpoly,4,0.9010,OK
kir1_20,53,1,sri,8,tau=129,4,IsaRRI,4,0.0344,OK
kir1_20,53,1,sri,8,tau=129,4,msolve,4,0.0155,OK
kir1_20,53,1,sri,8,tau=129,4,anewdsc,4,0.3760,OK
kir1_20,53,1,sri,8,tau=129,4,anewdsc_i0,4,0.3640,OK
kir1_20,53,1,sri,8,tau=129,4,sage,4,0.6580,OK
kir1_20,53,1,sri,8,tau=129,4,pari,4,0.0727,OK
kir1_20,53,1,sri,8,tau=129,4,z3,4,0.0306,OK
kir1_20,53,1,sri,8,tau=129,4,cgal,4,0.2020,OK
kir1_20,53,1,sri,8,tau=129,4,libpoly,4,0.0532,OK
kir1_20_mod,54,1,sri,84,tau=129,2,IsaRRI,2,0.1283,OK
kir1_20_mod,54,1,sri,84,tau=129,2,msolve,2,0.5988,OK
kir1_20_mod,54,1,sri,84,tau=129,2,anewdsc,2,2.7140,OK
kir1_20_mod,54,1,sri,84,tau=129,2,anewdsc_i0,2,3.1540,OK
kir1_20_mod,54,1,sri,84,tau=129,2,sage,2,56.5160,OK
kir1_20_mod,54,1,sri,84,tau=129,2,pari,2,0.1996,OK
kir1_20_mod,54,1,sri,84,tau=129,2,z3,2,2.8435,OK
kir1_20_mod,54,1,sri,84,tau=129,2,cgal,2,7.8954,OK
kir1_20_mod,54,1,sri,84,tau=129,2,libpoly,2,0.5658,OK
kir1_40,55,1,sri,8,tau=210,4,IsaRRI,4,0.0329,OK
kir1_40,55,1,sri,8,tau=210,4,msolve,4,0.0117,OK
kir1_40,55,1,sri,8,tau=210,4,anewdsc,4,0.3790,OK
kir1_40,55,1,sri,8,tau=210,4,anewdsc_i0,4,0.3560,OK
kir1_40,55,1,sri,8,tau=210,4,sage,4,0.6570,OK
kir1_40,55,1,sri,8,tau=210,4,pari,4,0.0712,OK
kir1_40,55,1,sri,8,tau=210,4,z3,4,0.0299,OK
kir1_40,55,1,sri,8,tau=210,4,cgal,4,0.2050,OK
kir1_40,55,1,sri,8,tau=210,4,libpoly,4,0.0530,OK
kir1_40_mod,56,1,sri,164,tau=210,2,IsaRRI,2,0.3012,OK
kir1_40_mod,56,1,sri,164,tau=210,2,msolve,2,1.8092,OK
kir1_40_mod,56,1,sri,164,tau=210,2,anewdsc,2,7.7090,OK
kir1_40_mod,56,1,sri,164,tau=210,2,anewdsc_i0,2,8.8360,OK
kir1_40_mod,56,1,sri,164,tau=210,2,sage,2,91.3820,OK
kir1_40_mod,56,1,sri,164,tau=210,2,pari,2,0.2546,OK
kir1_40_mod,56,1,sri,164,tau=210,2,z3,2,10.4417,OK
kir1_40_mod,56,1,sri,164,tau=210,2,cgal,2,25.8007,OK
kir1_40_mod,56,1,sri,164,tau=210,2,libpoly,2,2.8071,OK
kir1_symb,57,1,sri,8,tau=53,4,IsaRRI,4,0.0341,OK
kir1_symb,57,1,sri,8,tau=53,4,msolve,4,0.0169,OK
kir1_symb,57,1,sri,8,tau=53,4,anewdsc,4,0.3750,OK
kir1_symb,57,1,sri,8,tau=53,4,anewdsc_i0,4,0.3620,OK
kir1_symb,57,1,sri,8,tau=53,4,sage,4,0.6790,OK
kir1_symb,57,1,sri,8,tau=53,4,pari,4,0.0702,OK
kir1_symb,57,1,sri,8,tau=53,4,z3,4,0.0299,OK
kir1_symb,57,1,sri,8,tau=53,4,cgal,4,0.1902,OK
kir1_symb,57,1,sri,8,tau=53,4,libpoly,4,0.0455,OK
lsr1,74,1,sri,500,tau=69,2,IsaRRI,2,5119.6000,OK
lsr1,74,1,sri,500,tau=69,2,msolve,2,58884.4000,OK
lsr1,74,1,sri,500,tau=69,2,anewdsc,2,267.5300,OK
lsr1,74,1,sri,500,tau=69,2,anewdsc_i0,2,2763.7070,OK
lsr1,74,1,sri,500,tau=69,2,sage,2,761.6730,OK
lsr1,74,1,sri,500,tau=69,2,pari,-1,60000.0000,TIMEOUT
lsr1,74,1,sri,500,tau=69,2,z3,-1,60000.0000,TIMEOUT
lsr1,74,1,sri,500,tau=69,2,cgal,-1,60000.0000,TIMEOUT
lsr1,74,1,sri,500,tau=69,2,libpoly,2,2018.7600,OK
lsr2,75,1,sri,500,tau=45,2,IsaRRI,2,89.0347,OK
lsr2,75,1,sri,500,tau=45,2,msolve,2,38.5279,OK
lsr2,75,1,sri,500,tau=45,2,anewdsc,2,246.0500,OK
lsr2,75,1,sri,500,tau=45,2,anewdsc_i0,2,490.5580,OK
lsr2,75,1,sri,500,tau=45,2,sage,2,613.5570,OK
lsr2,75,1,sri,500,tau=45,2,pari,2,111.5180,OK
lsr2,75,1,sri,500,tau=45,2,z3,2,863.1440,OK
lsr2,75,1,sri,500,tau=45,2,cgal,2,805.2720,OK
lsr2,75,1,sri,500,tau=45,2,libpoly,2,5.8652,OK
lsr3,76,1,sri,500,tau=1661,2,IsaRRI,2,4091.7000,OK
lsr3,76,1,sri,500,tau=1661,2,msolve,2,19058.0000,OK
lsr3,76,1,sri,500,tau=1661,2,anewdsc,2,34.4400,OK
lsr3,76,1,sri,500,tau=1661,2,anewdsc_i0,2,24970.4130,OK
lsr3,76,1,sri,500,tau=1661,2,sage,2,9157.4810,OK
lsr3,76,1,sri,500,tau=1661,2,pari,-1,60000.0000,TIMEOUT
lsr3,76,1,sri,500,tau=1661,2,z3,-1,60000.0000,TIMEOUT
lsr3,76,1,sri,500,tau=1661,2,cgal,-1,60000.0000,TIMEOUT
lsr3,76,1,sri,500,tau=1661,2,libpoly,2,52011.2000,OK
lsr_200,80,1,sri,224,tau=532,4,IsaRRI,4,287.8520,OK
lsr_200,80,1,sri,224,tau=532,4,msolve,4,2078.2700,OK
lsr_200,80,1,sri,224,tau=532,4,anewdsc,4,166.7020,OK
lsr_200,80,1,sri,224,tau=532,4,anewdsc_i0,4,538.7370,OK
lsr_200,80,1,sri,224,tau=532,4,sage,4,382.9820,OK
lsr_200,80,1,sri,224,tau=532,4,pari,4,5189.4900,OK
lsr_200,80,1,sri,224,tau=532,4,z3,4,19238.0000,OK
lsr_200,80,1,sri,224,tau=532,4,cgal,4,5461.6800,OK
lsr_200,80,1,sri,224,tau=532,4,libpoly,4,4176.5500,OK
mig1_100_1,88,1,sri,100,tau=206,2,IsaRRI,2,2.5227,OK
mig1_100_1,88,1,sri,100,tau=206,2,msolve,2,3.8510,OK
mig1_100_1,88,1,sri,100,tau=206,2,anewdsc,2,6.5450,OK
mig1_100_1,88,1,sri,100,tau=206,2,anewdsc_i0,2,8.5540,OK
mig1_100_1,88,1,sri,100,tau=206,2,sage,2,71.1430,OK
mig1_100_1,88,1,sri,100,tau=206,2,pari,2,4.2861,OK
mig1_100_1,88,1,sri,100,tau=206,2,z3,2,13.3833,OK
mig1_100_1,88,1,sri,100,tau=206,2,cgal,2,23.1822,OK
mig1_100_1,88,1,sri,100,tau=206,2,libpoly,2,1.7841,OK
mig1_200_1,89,1,sri,200,tau=206,2,IsaRRI,2,17.8181,OK
mig1_200_1,89,1,sri,200,tau=206,2,msolve,2,42.3086,OK
mig1_200_1,89,1,sri,200,tau=206,2,anewdsc,2,55.3440,OK
mig1_200_1,89,1,sri,200,tau=206,2,anewdsc_i0,2,60.9610,OK
mig1_200_1,89,1,sri,200,tau=206,2,sage,2,123.6070,OK
mig1_200_1,89,1,sri,200,tau=206,2,pari,2,46.3272,OK
mig1_200_1,89,1,sri,200,tau=206,2,z3,2,268.0300,OK
mig1_200_1,89,1,sri,200,tau=206,2,cgal,2,174.5540,OK
mig1_200_1,89,1,sri,200,tau=206,2,libpoly,2,4.6365,OK
mig1_500_1,90,1,sri,500,tau=206,2,IsaRRI,2,535.1740,OK
mig1_500_1,90,1,sri,500,tau=206,2,msolve,2,979.4870,OK
mig1_500_1,90,1,sri,500,tau=206,2,anewdsc,2,104.4850,OK
mig1_500_1,90,1,sri,500,tau=206,2,anewdsc_i0,2,110.7200,OK
mig1_500_1,90,1,sri,500,tau=206,2,sage,-1,-1,ERROR(RecursionError)
mig1_500_1,90,1,sri,500,tau=206,2,pari,2,5055.7000,OK
mig1_500_1,90,1,sri,500,tau=206,2,z3,2,17833.9000,OK
mig1_500_1,90,1,sri,500,tau=206,2,cgal,2,5600.1300,OK
mig1_500_1,90,1,sri,500,tau=206,2,libpoly,2,20.7747,OK
mig1_50_1,91,1,sri,50,tau=206,2,IsaRRI,2,0.8994,OK
mig1_50_1,91,1,sri,50,tau=206,2,msolve,2,0.7700,OK
mig1_50_1,91,1,sri,50,tau=206,2,anewdsc,2,2.4890,OK
mig1_50_1,91,1,sri,50,tau=206,2,anewdsc_i0,2,2.3750,OK
mig1_50_1,91,1,sri,50,tau=206,2,sage,2,46.9610,OK
mig1_50_1,91,1,sri,50,tau=206,2,pari,2,0.8858,OK
mig1_50_1,91,1,sri,50,tau=206,2,z3,2,2.1027,OK
mig1_50_1,91,1,sri,50,tau=206,2,cgal,2,5.5494,OK
mig1_50_1,91,1,sri,50,tau=206,2,libpoly,2,1.0226,OK
mult1,92,1,sri,11,tau=5,1,IsaRRI,1,0.0359,OK
mult1,92,1,sri,11,tau=5,1,msolve,1,0.0158,OK
mult1,92,1,sri,11,tau=5,1,anewdsc,1,0.0930,OK
mult1,92,1,sri,11,tau=5,1,anewdsc_i0,1,0.1840,OK
mult1,92,1,sri,11,tau=5,1,sage,1,0.6660,OK
mult1,92,1,sri,11,tau=5,1,pari,1,0.0757,OK
mult1,92,1,sri,11,tau=5,1,z3,1,0.0163,OK
mult1,92,1,sri,11,tau=5,1,cgal,1,0.0552,OK
mult1,92,1,sri,11,tau=5,1,libpoly,1,0.0285,OK
mult2,93,1,sri,55,tau=26,3,IsaRRI,3,0.1995,OK
mult2,93,1,sri,55,tau=26,3,msolve,3,0.0893,OK
mult2,93,1,sri,55,tau=26,3,anewdsc,4,0.3820,OK
mult2,93,1,sri,55,tau=26,3,anewdsc_i0,3,0.9360,OK
mult2,93,1,sri,55,tau=26,3,sage,3,53.4480,OK
mult2,93,1,sri,55,tau=26,3,pari,3,0.1390,OK
mult2,93,1,sri,55,tau=26,3,z3,3,0.2398,OK
mult2,93,1,sri,55,tau=26,3,cgal,3,1.5138,OK
mult2,93,1,sri,55,tau=26,3,libpoly,3,0.2346,OK
nroots100,97,1,sri,100,tau=1,2,IsaRRI,2,0.0853,OK
nroots100,97,1,sri,100,tau=1,2,msolve,2,0.0805,OK
nroots100,97,1,sri,100,tau=1,2,anewdsc,2,0.0930,OK
nroots100,97,1,sri,100,tau=1,2,anewdsc_i0,2,0.2420,OK
nroots100,97,1,sri,100,tau=1,2,sage,2,1.2090,OK
nroots100,97,1,sri,100,tau=1,2,pari,2,0.0383,OK
nroots100,97,1,sri,100,tau=1,2,z3,2,0.0788,OK
nroots100,97,1,sri,100,tau=1,2,cgal,2,1.3506,OK
nroots100,97,1,sri,100,tau=1,2,libpoly,2,0.0570,OK
nroots1600,98,1,sri,1600,tau=1,2,IsaRRI,2,1.4533,OK
nroots1600,98,1,sri,1600,tau=1,2,msolve,2,14.7267,OK
nroots1600,98,1,sri,1600,tau=1,2,anewdsc,2,14.4850,OK
nroots1600,98,1,sri,1600,tau=1,2,anewdsc_i0,2,43.6850,OK
nroots1600,98,1,sri,1600,tau=1,2,sage,2,326.3480,OK
nroots1600,98,1,sri,1600,tau=1,2,pari,2,0.0515,OK
nroots1600,98,1,sri,1600,tau=1,2,z3,2,61.3645,OK
nroots1600,98,1,sri,1600,tau=1,2,cgal,2,390.6590,OK
nroots1600,98,1,sri,1600,tau=1,2,libpoly,2,0.5440,OK
nroots200,99,1,sri,200,tau=1,2,IsaRRI,2,0.1329,OK
nroots200,99,1,sri,200,tau=1,2,msolve,2,0.2178,OK
nroots200,99,1,sri,200,tau=1,2,anewdsc,2,0.1870,OK
nroots200,99,1,sri,200,tau=1,2,anewdsc_i0,2,0.7650,OK
nroots200,99,1,sri,200,tau=1,2,sage,2,2.3180,OK
nroots200,99,1,sri,200,tau=1,2,pari,2,0.0392,OK
nroots200,99,1,sri,200,tau=1,2,z3,2,0.3809,OK
nroots200,99,1,sri,200,tau=1,2,cgal,2,5.3007,OK
nroots200,99,1,sri,200,tau=1,2,libpoly,2,0.0844,OK
nroots3200,100,1,sri,3200,tau=1,2,IsaRRI,2,3.7347,OK
nroots3200,100,1,sri,3200,tau=1,2,msolve,2,48.6493,OK
nroots3200,100,1,sri,3200,tau=1,2,anewdsc,2,104.5320,OK
nroots3200,100,1,sri,3200,tau=1,2,anewdsc_i0,2,172.4620,OK
nroots3200,100,1,sri,3200,tau=1,2,sage,2,2967.8590,OK
nroots3200,100,1,sri,3200,tau=1,2,pari,2,0.0646,OK
nroots3200,100,1,sri,3200,tau=1,2,z3,2,500.6800,OK
nroots3200,100,1,sri,3200,tau=1,2,cgal,2,1932.2200,OK
nroots3200,100,1,sri,3200,tau=1,2,libpoly,2,1.1399,OK
nroots400,101,1,sri,400,tau=1,2,IsaRRI,2,0.2697,OK
nroots400,101,1,sri,400,tau=1,2,msolve,2,1.5306,OK
nroots400,101,1,sri,400,tau=1,2,anewdsc,2,0.5670,OK
nroots400,101,1,sri,400,tau=1,2,anewdsc_i0,2,2.8360,OK
nroots400,101,1,sri,400,tau=1,2,sage,2,87.0410,OK
nroots400,101,1,sri,400,tau=1,2,pari,2,0.0417,OK
nroots400,101,1,sri,400,tau=1,2,z3,2,1.9493,OK
nroots400,101,1,sri,400,tau=1,2,cgal,2,21.1138,OK
nroots400,101,1,sri,400,tau=1,2,libpoly,2,0.1487,OK
nroots50,102,1,sri,50,tau=1,2,IsaRRI,2,0.0340,OK
nroots50,102,1,sri,50,tau=1,2,msolve,2,0.0230,OK
nroots50,102,1,sri,50,tau=1,2,anewdsc,2,0.0630,OK
nroots50,102,1,sri,50,tau=1,2,anewdsc_i0,2,0.1220,OK
nroots50,102,1,sri,50,tau=1,2,sage,2,0.8150,OK
nroots50,102,1,sri,50,tau=1,2,pari,2,0.0378,OK
nroots50,102,1,sri,50,tau=1,2,z3,2,0.0173,OK
nroots50,102,1,sri,50,tau=1,2,cgal,2,0.3677,OK
nroots50,102,1,sri,50,tau=1,2,libpoly,2,0.0348,OK
nroots6400,103,1,sri,6400,tau=1,2,IsaRRI,2,17.7095,OK
nroots6400,103,1,sri,6400,tau=1,2,msolve,2,183.6990,OK
nroots6400,103,1,sri,6400,tau=1,2,anewdsc,2,847.5690,OK
nroots6400,103,1,sri,6400,tau=1,2,anewdsc_i0,2,688.8240,OK
nroots6400,103,1,sri,6400,tau=1,2,sage,2,16319.6890,OK
nroots6400,103,1,sri,6400,tau=1,2,pari,2,0.0907,OK
nroots6400,103,1,sri,6400,tau=1,2,z3,2,3639.5100,OK
nroots6400,103,1,sri,6400,tau=1,2,cgal,2,10377.6000,OK
nroots6400,103,1,sri,6400,tau=1,2,libpoly,2,2.5838,OK
nroots800,104,1,sri,800,tau=1,2,IsaRRI,2,0.9582,OK
nroots800,104,1,sri,800,tau=1,2,msolve,2,4.9063,OK
nroots800,104,1,sri,800,tau=1,2,anewdsc,2,2.4630,OK
nroots800,104,1,sri,800,tau=1,2,anewdsc_i0,2,11.0050,OK
nroots800,104,1,sri,800,tau=1,2,sage,2,139.9700,OK
nroots800,104,1,sri,800,tau=1,2,pari,2,0.0442,OK
nroots800,104,1,sri,800,tau=1,2,z3,2,10.5885,OK
nroots800,104,1,sri,800,tau=1,2,cgal,2,88.8301,OK
nroots800,104,1,sri,800,tau=1,2,libpoly,2,0.2827,OK
sparse100,110,1,sri,100,tau=1,0,IsaRRI,0,0.1610,OK
sparse100,110,1,sri,100,tau=1,0,msolve,0,0.1503,OK
sparse100,110,1,sri,100,tau=1,0,anewdsc,0,0.3030,OK
sparse100,110,1,sri,100,tau=1,0,anewdsc_i0,0,0.7430,OK
sparse100,110,1,sri,100,tau=1,0,sage,0,59.2620,OK
sparse100,110,1,sri,100,tau=1,0,pari,0,0.0975,OK
sparse100,110,1,sri,100,tau=1,0,z3,0,0.3490,OK
sparse100,110,1,sri,100,tau=1,0,cgal,0,2.0392,OK
sparse100,110,1,sri,100,tau=1,0,libpoly,0,0.0601,OK
sparse1600,111,1,sri,1600,tau=1,0,IsaRRI,0,47.9386,OK
sparse1600,111,1,sri,1600,tau=1,0,msolve,0,19.1698,OK
sparse1600,111,1,sri,1600,tau=1,0,anewdsc,0,71.5440,OK
sparse1600,111,1,sri,1600,tau=1,0,anewdsc_i0,0,42.5210,OK
sparse1600,111,1,sri,1600,tau=1,0,sage,0,102.8130,OK
sparse1600,111,1,sri,1600,tau=1,0,pari,0,9.0520,OK
sparse1600,111,1,sri,1600,tau=1,0,z3,0,350.0990,OK
sparse1600,111,1,sri,1600,tau=1,0,cgal,0,392.2630,OK
sparse1600,111,1,sri,1600,tau=1,0,libpoly,0,347.3680,OK
sparse200,112,1,sri,200,tau=1,0,IsaRRI,0,0.5598,OK
sparse200,112,1,sri,200,tau=1,0,msolve,0,0.5436,OK
sparse200,112,1,sri,200,tau=1,0,anewdsc,0,1.0040,OK
sparse200,112,1,sri,200,tau=1,0,anewdsc_i0,0,2.5960,OK
sparse200,112,1,sri,200,tau=1,0,sage,0,73.1450,OK
sparse200,112,1,sri,200,tau=1,0,pari,0,0.4258,OK
sparse200,112,1,sri,200,tau=1,0,z3,0,1.8620,OK
sparse200,112,1,sri,200,tau=1,0,cgal,0,7.8558,OK
sparse200,112,1,sri,200,tau=1,0,libpoly,0,0.1258,OK
sparse3200,113,1,sri,3200,tau=1,0,IsaRRI,0,59.1477,OK
sparse3200,113,1,sri,3200,tau=1,0,msolve,0,35.7823,OK
sparse3200,113,1,sri,3200,tau=1,0,anewdsc,0,380.5710,OK
sparse3200,113,1,sri,3200,tau=1,0,anewdsc_i0,0,167.6070,OK
sparse3200,113,1,sri,3200,tau=1,0,sage,0,572.0730,OK
sparse3200,113,1,sri,3200,tau=1,0,pari,0,28.8330,OK
sparse3200,113,1,sri,3200,tau=1,0,z3,0,733.7050,OK
sparse3200,113,1,sri,3200,tau=1,0,cgal,0,1940.0400,OK
sparse3200,113,1,sri,3200,tau=1,0,libpoly,0,8436.0200,OK
sparse400,114,1,sri,400,tau=1,0,IsaRRI,0,2.2111,OK
sparse400,114,1,sri,400,tau=1,0,msolve,0,2.7661,OK
sparse400,114,1,sri,400,tau=1,0,anewdsc,0,3.7850,OK
sparse400,114,1,sri,400,tau=1,0,anewdsc_i0,0,8.2960,OK
sparse400,114,1,sri,400,tau=1,0,sage,0,6.3740,OK
sparse400,114,1,sri,400,tau=1,0,pari,0,0.9632,OK
sparse400,114,1,sri,400,tau=1,0,z3,0,9.5639,OK
sparse400,114,1,sri,400,tau=1,0,cgal,0,31.9592,OK
sparse400,114,1,sri,400,tau=1,0,libpoly,0,0.8003,OK
sparse6400,115,1,sri,6400,tau=1,0,IsaRRI,0,397.6840,OK
sparse6400,115,1,sri,6400,tau=1,0,msolve,0,142.5220,OK
sparse6400,115,1,sri,6400,tau=1,0,anewdsc,0,2357.2300,OK
sparse6400,115,1,sri,6400,tau=1,0,anewdsc_i0,0,662.9540,OK
sparse6400,115,1,sri,6400,tau=1,0,sage,0,3863.6690,OK
sparse6400,115,1,sri,6400,tau=1,0,pari,0,62.4121,OK
sparse6400,115,1,sri,6400,tau=1,0,z3,0,4934.4500,OK
sparse6400,115,1,sri,6400,tau=1,0,cgal,0,10411.2000,OK
sparse6400,115,1,sri,6400,tau=1,0,libpoly,-1,60000.0000,TIMEOUT
sparse800,116,1,sri,800,tau=1,0,IsaRRI,0,17.6878,OK
sparse800,116,1,sri,800,tau=1,0,msolve,0,7.1275,OK
sparse800,116,1,sri,800,tau=1,0,anewdsc,0,15.6010,OK
sparse800,116,1,sri,800,tau=1,0,anewdsc_i0,0,32.4630,OK
sparse800,116,1,sri,800,tau=1,0,sage,0,22.9550,OK
sparse800,116,1,sri,800,tau=1,0,pari,0,4.8807,OK
sparse800,116,1,sri,800,tau=1,0,z3,0,58.6247,OK
sparse800,116,1,sri,800,tau=1,0,cgal,0,132.0080,OK
sparse800,116,1,sri,800,tau=1,0,libpoly,0,13.9046,OK
test,117,1,sri,4,tau=7,2,IsaRRI,2,0.0192,OK
test,117,1,sri,4,tau=7,2,msolve,2,0.0090,OK
test,117,1,sri,4,tau=7,2,anewdsc,1,0.2170,OK
test,117,1,sri,4,tau=7,2,anewdsc_i0,2,0.2270,OK
test,117,1,sri,4,tau=7,2,sage,2,0.5400,OK
test,117,1,sri,4,tau=7,2,pari,2,0.0683,OK
test,117,1,sri,4,tau=7,2,z3,2,0.0069,OK
test,117,1,sri,4,tau=7,2,cgal,2,0.0255,OK
test,117,1,sri,4,tau=7,2,libpoly,2,0.0249,OK
trv_m,118,1,sri,22,tau=206,10,IsaRRI,10,0.2519,OK
trv_m,118,1,sri,22,tau=206,10,msolve,10,0.1547,OK
trv_m,118,1,sri,22,tau=206,10,anewdsc,10,1.3000,OK
trv_m,118,1,sri,22,tau=206,10,anewdsc_i0,10,1.2950,OK
trv_m,118,1,sri,22,tau=206,10,sage,10,16.7700,OK
trv_m,118,1,sri,22,tau=206,10,pari,10,0.3215,OK
trv_m,118,1,sri,22,tau=206,10,z3,10,0.5125,OK
trv_m,118,1,sri,22,tau=206,10,cgal,10,1.1160,OK
trv_m,118,1,sri,22,tau=206,10,libpoly,10,1.4642,OK
lsr4_1,77,1,srq,52,tau=67,2,IsaRRI,2,1.0458,OK
lsr4_1,77,1,srq,52,tau=67,2,msolve,2,1.1655,OK
lsr4_1,77,1,srq,52,tau=67,2,anewdsc,2,0.2640,OK
lsr4_1,77,1,srq,52,tau=67,2,anewdsc_i0,2,2.8770,OK
lsr4_1,77,1,srq,52,tau=67,2,sage,2,49.8800,OK
lsr4_1,77,1,srq,52,tau=67,2,pari,2,0.7838,OK
lsr4_1,77,1,srq,52,tau=67,2,z3,2,3.3142,OK
lsr4_1,77,1,srq,52,tau=67,2,cgal,2,7.0930,OK
lsr4_1,77,1,srq,52,tau=67,2,libpoly,2,0.8593,OK
lsr4_2,78,1,srq,52,tau=133,2,IsaRRI,2,1.5533,OK
lsr4_2,78,1,srq,52,tau=133,2,msolve,2,2.5845,OK
lsr4_2,78,1,srq,52,tau=133,2,anewdsc,2,0.2630,OK
lsr4_2,78,1,srq,52,tau=133,2,anewdsc_i0,2,3.7960,OK
lsr4_2,78,1,srq,52,tau=133,2,sage,2,56.6150,OK
lsr4_2,78,1,srq,52,tau=133,2,pari,2,1.9553,OK
lsr4_2,78,1,srq,52,tau=133,2,z3,2,12.9733,OK
lsr4_2,78,1,srq,52,tau=133,2,cgal,2,15.5454,OK
lsr4_2,78,1,srq,52,tau=133,2,libpoly,2,2.0926,OK
lsr4_3,79,1,srq,52,tau=266,2,IsaRRI,2,1.6540,OK
lsr4_3,79,1,srq,52,tau=266,2,msolve,2,7.6755,OK
lsr4_3,79,1,srq,52,tau=266,2,anewdsc,2,0.2660,OK
lsr4_3,79,1,srq,52,tau=266,2,anewdsc_i0,2,6.0070,OK
lsr4_3,79,1,srq,52,tau=266,2,sage,2,71.0150,OK
lsr4_3,79,1,srq,52,tau=266,2,pari,2,6.4503,OK
lsr4_3,79,1,srq,52,tau=266,2,z3,2,46.7783,OK
lsr4_3,79,1,srq,52,tau=266,2,cgal,2,39.5320,OK
lsr4_3,79,1,srq,52,tau=266,2,libpoly,2,6.2820,OK
umand1023,119,1,uri,1023,tau=597,93,IsaRRI,93,1643.2000,OK
umand1023,119,1,uri,1023,tau=597,93,msolve,93,1133.4300,OK
umand1023,119,1,uri,1023,tau=597,93,anewdsc,93,4376.5620,OK
umand1023,119,1,uri,1023,tau=597,93,anewdsc_i0,93,50962.6230,OK
umand1023,119,1,uri,1023,tau=597,93,sage,93,1216.9680,OK
umand1023,119,1,uri,1023,tau=597,93,pari,93,5776.6500,OK
umand1023,119,1,uri,1023,tau=597,93,z3,93,23665.0000,OK
umand1023,119,1,uri,1023,tau=597,93,cgal,93,18922.7000,OK
umand1023,119,1,uri,1023,tau=597,93,libpoly,93,11113.1000,OK
umand127,120,1,uri,127,tau=72,19,IsaRRI,19,3.3095,OK
umand127,120,1,uri,127,tau=72,19,msolve,19,2.5196,OK
umand127,120,1,uri,127,tau=72,19,anewdsc,19,11.5820,OK
umand127,120,1,uri,127,tau=72,19,anewdsc_i0,19,26.2600,OK
umand127,120,1,uri,127,tau=72,19,sage,19,73.2760,OK
umand127,120,1,uri,127,tau=72,19,pari,19,5.1331,OK
umand127,120,1,uri,127,tau=72,19,z3,19,13.2761,OK
umand127,120,1,uri,127,tau=72,19,cgal,19,31.7378,OK
umand127,120,1,uri,127,tau=72,19,libpoly,19,11.7721,OK
umand2047,121,1,uri,2047,tau=1198,179,IsaRRI,179,18478.6000,OK
umand2047,121,1,uri,2047,tau=1198,179,msolve,179,11895.6000,OK
umand2047,121,1,uri,2047,tau=1198,179,anewdsc,179,50599.1060,OK
umand2047,121,1,uri,2047,tau=1198,179,anewdsc_i0,-1,60000.0000,TIMEOUT
umand2047,121,1,uri,2047,tau=1198,179,sage,179,7833.4360,OK
umand2047,121,1,uri,2047,tau=1198,179,pari,-1,60000.0000,TIMEOUT
umand2047,121,1,uri,2047,tau=1198,179,z3,-1,60000.0000,TIMEOUT
umand2047,121,1,uri,2047,tau=1198,179,cgal,-1,60000.0000,TIMEOUT
umand2047,121,1,uri,2047,tau=1198,179,libpoly,-1,60000.0000,TIMEOUT
umand255,122,1,uri,255,tau=146,29,IsaRRI,29,18.0808,OK
umand255,122,1,uri,255,tau=146,29,msolve,29,13.7875,OK
umand255,122,1,uri,255,tau=146,29,anewdsc,29,63.8250,OK
umand255,122,1,uri,255,tau=146,29,anewdsc_i0,29,171.3780,OK
umand255,122,1,uri,255,tau=146,29,sage,29,142.4060,OK
umand255,122,1,uri,255,tau=146,29,pari,29,40.8268,OK
umand255,122,1,uri,255,tau=146,29,z3,29,140.1670,OK
umand255,122,1,uri,255,tau=146,29,cgal,29,206.2680,OK
umand255,122,1,uri,255,tau=146,29,libpoly,29,81.4133,OK
umand31,123,1,uri,31,tau=16,7,IsaRRI,7,0.2246,OK
umand31,123,1,uri,31,tau=16,7,msolve,7,0.1214,OK
umand31,123,1,uri,31,tau=16,7,anewdsc,7,0.7630,OK
umand31,123,1,uri,31,tau=16,7,anewdsc_i0,7,1.0090,OK
umand31,123,1,uri,31,tau=16,7,sage,7,21.7750,OK
umand31,123,1,uri,31,tau=16,7,pari,7,0.2648,OK
umand31,123,1,uri,31,tau=16,7,z3,7,0.3130,OK
umand31,123,1,uri,31,tau=16,7,cgal,7,1.1819,OK
umand31,123,1,uri,31,tau=16,7,libpoly,7,0.3912,OK
umand511,124,1,uri,511,tau=296,55,IsaRRI,55,158.7040,OK
umand511,124,1,uri,511,tau=296,55,msolve,55,146.2580,OK
umand511,124,1,uri,511,tau=296,55,anewdsc,55,645.3250,OK
umand511,124,1,uri,511,tau=296,55,anewdsc_i0,55,2771.1640,OK
umand511,124,1,uri,511,tau=296,55,sage,55,375.5290,OK
umand511,124,1,uri,511,tau=296,55,pari,55,575.0720,OK
umand511,124,1,uri,511,tau=296,55,z3,55,2373.5200,OK
umand511,124,1,uri,511,tau=296,55,cgal,55,2132.4400,OK
umand511,124,1,uri,511,tau=296,55,libpoly,55,907.9530,OK
umand63,125,1,uri,63,tau=35,9,IsaRRI,9,0.5801,OK
umand63,125,1,uri,63,tau=35,9,msolve,9,0.4502,OK
umand63,125,1,uri,63,tau=35,9,anewdsc,9,1.9240,OK
umand63,125,1,uri,63,tau=35,9,anewdsc_i0,9,2.4240,OK
umand63,125,1,uri,63,tau=35,9,sage,9,49.8680,OK
umand63,125,1,uri,63,tau=35,9,pari,9,0.6480,OK
umand63,125,1,uri,63,tau=35,9,z3,9,1.4153,OK
umand63,125,1,uri,63,tau=35,9,cgal,9,4.7623,OK
umand63,125,1,uri,63,tau=35,9,libpoly,9,1.6631,OK
demi20,22,1,v3,20,tau=3405,20,IsaRRI,20,1.2190,OK
demi20,22,1,v3,20,tau=3405,20,msolve,20,0.6517,OK
demi20,22,1,v3,20,tau=3405,20,anewdsc,20,4.0210,OK
demi20,22,1,v3,20,tau=3405,20,anewdsc_i0,20,4.0240,OK
demi20,22,1,v3,20,tau=3405,20,sage,20,20.4160,OK
demi20,22,1,v3,20,tau=3405,20,pari,20,1.5690,OK
demi20,22,1,v3,20,tau=3405,20,z3,20,56.4078,OK
demi20,22,1,v3,20,tau=3405,20,cgal,20,3.9527,OK
demi20,22,1,v3,20,tau=3405,20,libpoly,20,64.4293,OK
chebyshev80,5,1,dri,80,tau=98,80,IsaRRI,80,1.7900,OK
chebyshev80,5,1,dri,80,tau=98,80,msolve,80,3.5202,OK
chebyshev80,5,1,dri,80,tau=98,80,anewdsc,80,8.7140,OK
chebyshev80,5,1,dri,80,tau=98,80,anewdsc_i0,80,9.1420,OK
chebyshev80,5,1,dri,80,tau=98,80,sage,80,57.2930,OK
chebyshev80,5,1,dri,80,tau=98,80,pari,80,0.8928,OK
chebyshev80,5,1,dri,80,tau=98,80,z3,80,13.2818,OK
chebyshev80,5,1,dri,80,tau=98,80,cgal,80,37.8398,OK
chebyshev80,5,1,dri,80,tau=98,80,libpoly,80,7.8971,OK
