instance	arm	rep	poly	deg	roots	reason
QF_NIA_20170427-VeryMax__From_AProVE_2014__juHashMapCreateIsEmpty.jar-obl-10__p1579_safety_0.smt2	anewdsc	1	244	2	3	sturm 2
QF_NIA_20170427-VeryMax__From_AProVE_2014__juHashMapCreateIsEmpty.jar-obl-10__p1579_safety_0.smt2	anewdsc	1	607	2	3	sturm 2
QF_NIA_20170427-VeryMax__From_AProVE_2014__juHashMapCreateIsEmpty.jar-obl-10__p1579_safety_0.smt2	anewdsc	1	610	2	3	sturm 2
QF_NIA_20170427-VeryMax__From_AProVE_2014__juHashMapCreateIsEmpty.jar-obl-10__p1579_safety_0.smt2	anewdsc_i0	1	244	2	3	sturm 2
QF_NIA_20170427-VeryMax__From_AProVE_2014__juHashMapCreateIsEmpty.jar-obl-10__p1579_safety_0.smt2	anewdsc_i0	1	607	2	3	sturm 2
QF_NIA_20170427-VeryMax__From_AProVE_2014__juHashMapCreateIsEmpty.jar-obl-10__p1579_safety_0.smt2	anewdsc_i0	1	609	2	3	sturm 2
QF_NIA_20170427-VeryMax__From_AProVE_2014__juHashMapCreateIsEmpty.jar-obl-10__p1579_safety_0.smt2	anewdsc_i0	1	610	2	3	sturm 2
QF_NIA_20170427-VeryMax__From_AProVE_2014__juHashMapCreateIsEmpty.jar-obl-10__p1579_safety_0.smt2	anewdsc_i0	1	613	2	3	sturm 2
QF_NIA_20170427-VeryMax__From_AProVE_2014__juHashMapCreateIsEmpty.jar-obl-10__p1579_safety_0.smt2	anewdsc_i0	1	615	2	3	sturm 2
QF_NIA_20170427-VeryMax__From_AProVE_2014__juHashMapCreateIsEmpty.jar-obl-10__p1579_safety_0.smt2	anewdsc_i0	1	670	2	3	sturm 2
QF_NIA_20170427-VeryMax__From_AProVE_2014__juHashMapCreateIsEmpty.jar-obl-10__p1579_safety_0.smt2	anewdsc	2	244	2	3	sturm 2
QF_NIA_20170427-VeryMax__From_AProVE_2014__juHashMapCreateIsEmpty.jar-obl-10__p1579_safety_0.smt2	anewdsc	2	607	2	3	sturm 2
QF_NIA_20170427-VeryMax__From_AProVE_2014__juHashMapCreateIsEmpty.jar-obl-10__p1579_safety_0.smt2	anewdsc	2	610	2	3	sturm 2
QF_NIA_20170427-VeryMax__From_AProVE_2014__juHashMapCreateIsEmpty.jar-obl-10__p1579_safety_0.smt2	anewdsc_i0	2	244	2	3	sturm 2
QF_NIA_20170427-VeryMax__From_AProVE_2014__juHashMapCreateIsEmpty.jar-obl-10__p1579_safety_0.smt2	anewdsc_i0	2	607	2	3	sturm 2
QF_NIA_20170427-VeryMax__From_AProVE_2014__juHashMapCreateIsEmpty.jar-obl-10__p1579_safety_0.smt2	anewdsc_i0	2	609	2	3	sturm 2
QF_NIA_20170427-VeryMax__From_AProVE_2014__juHashMapCreateIsEmpty.jar-obl-10__p1579_safety_0.smt2	anewdsc_i0	2	610	2	3	sturm 2
QF_NIA_20170427-VeryMax__From_AProVE_2014__juHashMapCreateIsEmpty.jar-obl-10__p1579_safety_0.smt2	anewdsc_i0	2	613	2	3	sturm 2
QF_NIA_20170427-VeryMax__From_AProVE_2014__juHashMapCreateIsEmpty.jar-obl-10__p1579_safety_0.smt2	anewdsc_i0	2	615	2	3	sturm 2
QF_NIA_20170427-VeryMax__From_AProVE_2014__juHashMapCreateIsEmpty.jar-obl-10__p1579_safety_0.smt2	anewdsc_i0	2	670	2	3	sturm 2
QF_NIA_20170427-VeryMax__From_AProVE_2014__juHashMapCreateIsEmpty.jar-obl-10__p1579_safety_0.smt2	anewdsc	3	244	2	3	sturm 2
QF_NIA_20170427-VeryMax__From_AProVE_2014__juHashMapCreateIsEmpty.jar-obl-10__p1579_safety_0.smt2	anewdsc	3	607	2	3	sturm 2
QF_NIA_20170427-VeryMax__From_AProVE_2014__juHashMapCreateIsEmpty.jar-obl-10__p1579_safety_0.smt2	anewdsc	3	610	2	3	sturm 2
QF_NIA_20170427-VeryMax__From_AProVE_2014__juHashMapCreateIsEmpty.jar-obl-10__p1579_safety_0.smt2	anewdsc_i0	3	244	2	3	sturm 2
QF_NIA_20170427-VeryMax__From_AProVE_2014__juHashMapCreateIsEmpty.jar-obl-10__p1579_safety_0.smt2	anewdsc_i0	3	607	2	3	sturm 2
QF_NIA_20170427-VeryMax__From_AProVE_2014__juHashMapCreateIsEmpty.jar-obl-10__p1579_safety_0.smt2	anewdsc_i0	3	609	2	3	sturm 2
QF_NIA_20170427-VeryMax__From_AProVE_2014__juHashMapCreateIsEmpty.jar-obl-10__p1579_safety_0.smt2	anewdsc_i0	3	610	2	3	sturm 2
QF_NIA_20170427-VeryMax__From_AProVE_2014__juHashMapCreateIsEmpty.jar-obl-10__p1579_safety_0.smt2	anewdsc_i0	3	613	2	3	sturm 2
QF_NIA_20170427-VeryMax__From_AProVE_2014__juHashMapCreateIsEmpty.jar-obl-10__p1579_safety_0.smt2	anewdsc_i0	3	615	2	3	sturm 2
QF_NIA_20170427-VeryMax__From_AProVE_2014__juHashMapCreateIsEmpty.jar-obl-10__p1579_safety_0.smt2	anewdsc_i0	3	670	2	3	sturm 2
QF_NIA_20170427-VeryMax__From_AProVE_2014__juHashMapCreateIsEmpty.jar-obl-10__p1579_safety_0.smt2	anewdsc	4	244	2	3	sturm 2
QF_NIA_20170427-VeryMax__From_AProVE_2014__juHashMapCreateIsEmpty.jar-obl-10__p1579_safety_0.smt2	anewdsc	4	607	2	3	sturm 2
QF_NIA_20170427-VeryMax__From_AProVE_2014__juHashMapCreateIsEmpty.jar-obl-10__p1579_safety_0.smt2	anewdsc	4	610	2	3	sturm 2
QF_NIA_20170427-VeryMax__From_AProVE_2014__juHashMapCreateIsEmpty.jar-obl-10__p1579_safety_0.smt2	anewdsc_i0	4	244	2	3	sturm 2
QF_NIA_20170427-VeryMax__From_AProVE_2014__juHashMapCreateIsEmpty.jar-obl-10__p1579_safety_0.smt2	anewdsc_i0	4	607	2	3	sturm 2
QF_NIA_20170427-VeryMax__From_AProVE_2014__juHashMapCreateIsEmpty.jar-obl-10__p1579_safety_0.smt2	anewdsc_i0	4	609	2	3	sturm 2
QF_NIA_20170427-VeryMax__From_AProVE_2014__juHashMapCreateIsEmpty.jar-obl-10__p1579_safety_0.smt2	anewdsc_i0	4	610	2	3	sturm 2
QF_NIA_20170427-VeryMax__From_AProVE_2014__juHashMapCreateIsEmpty.jar-obl-10__p1579_safety_0.smt2	anewdsc_i0	4	613	2	3	sturm 2
QF_NIA_20170427-VeryMax__From_AProVE_2014__juHashMapCreateIsEmpty.jar-obl-10__p1579_safety_0.smt2	anewdsc_i0	4	615	2	3	sturm 2
QF_NIA_20170427-VeryMax__From_AProVE_2014__juHashMapCreateIsEmpty.jar-obl-10__p1579_safety_0.smt2	anewdsc_i0	4	670	2	3	sturm 2
QF_NIA_20170427-VeryMax__From_AProVE_2014__juHashMapCreateIsEmpty.jar-obl-10__p1579_safety_0.smt2	anewdsc	5	244	2	3	sturm 2
QF_NIA_20170427-VeryMax__From_AProVE_2014__juHashMapCreateIsEmpty.jar-obl-10__p1579_safety_0.smt2	anewdsc	5	607	2	3	sturm 2
QF_NIA_20170427-VeryMax__From_AProVE_2014__juHashMapCreateIsEmpty.jar-obl-10__p1579_safety_0.smt2	anewdsc	5	610	2	3	sturm 2
QF_NIA_20170427-VeryMax__From_AProVE_2014__juHashMapCreateIsEmpty.jar-obl-10__p1579_safety_0.smt2	anewdsc_i0	5	244	2	3	sturm 2
QF_NIA_20170427-VeryMax__From_AProVE_2014__juHashMapCreateIsEmpty.jar-obl-10__p1579_safety_0.smt2	anewdsc_i0	5	607	2	3	sturm 2
QF_NIA_20170427-VeryMax__From_AProVE_2014__juHashMapCreateIsEmpty.jar-obl-10__p1579_safety_0.smt2	anewdsc_i0	5	609	2	3	sturm 2
QF_NIA_20170427-VeryMax__From_AProVE_2014__juHashMapCreateIsEmpty.jar-obl-10__p1579_safety_0.smt2	anewdsc_i0	5	610	2	3	sturm 2
QF_NIA_20170427-VeryMax__From_AProVE_2014__juHashMapCreateIsEmpty.jar-obl-10__p1579_safety_0.smt2	anewdsc_i0	5	613	2	3	sturm 2
QF_NIA_20170427-VeryMax__From_AProVE_2014__juHashMapCreateIsEmpty.jar-obl-10__p1579_safety_0.smt2	anewdsc_i0	5	615	2	3	sturm 2
QF_NIA_20170427-VeryMax__From_AProVE_2014__juHashMapCreateIsEmpty.jar-obl-10__p1579_safety_0.smt2	anewdsc_i0	5	670	2	3	sturm 2
QF_NIA_20170427-VeryMax__From_AProVE_2014__juHashMapCreatePut.jar-obl-10__p6107_safety_0.smt2	anewdsc	1	535	4	5	sturm 4
QF_NIA_20170427-VeryMax__From_AProVE_2014__juHashMapCreatePut.jar-obl-10__p6107_safety_0.smt2	anewdsc_i0	1	143	2	3	sturm 2
QF_NIA_20170427-VeryMax__From_AProVE_2014__juHashMapCreatePut.jar-obl-10__p6107_safety_0.smt2	anewdsc_i0	1	523	2	3	sturm 2
QF_NIA_20170427-VeryMax__From_AProVE_2014__juHashMapCreatePut.jar-obl-10__p6107_safety_0.smt2	anewdsc_i0	1	524	2	3	sturm 2
QF_NIA_20170427-VeryMax__From_AProVE_2014__juHashMapCreatePut.jar-obl-10__p6107_safety_0.smt2	anewdsc_i0	1	528	2	3	sturm 2
QF_NIA_20170427-VeryMax__From_AProVE_2014__juHashMapCreatePut.jar-obl-10__p6107_safety_0.smt2	anewdsc_i0	1	594	2	3	sturm 2
QF_NIA_20170427-VeryMax__From_AProVE_2014__juHashMapCreatePut.jar-obl-10__p6107_safety_0.smt2	anewdsc_i0	1	673	2	3	sturm 2
QF_NIA_20170427-VeryMax__From_AProVE_2014__juHashMapCreatePut.jar-obl-10__p6107_safety_0.smt2	anewdsc	2	535	4	5	sturm 4
QF_NIA_20170427-VeryMax__From_AProVE_2014__juHashMapCreatePut.jar-obl-10__p6107_safety_0.smt2	anewdsc_i0	2	143	2	3	sturm 2
QF_NIA_20170427-VeryMax__From_AProVE_2014__juHashMapCreatePut.jar-obl-10__p6107_safety_0.smt2	anewdsc_i0	2	523	2	3	sturm 2
QF_NIA_20170427-VeryMax__From_AProVE_2014__juHashMapCreatePut.jar-obl-10__p6107_safety_0.smt2	anewdsc_i0	2	524	2	3	sturm 2
QF_NIA_20170427-VeryMax__From_AProVE_2014__juHashMapCreatePut.jar-obl-10__p6107_safety_0.smt2	anewdsc_i0	2	528	2	3	sturm 2
QF_NIA_20170427-VeryMax__From_AProVE_2014__juHashMapCreatePut.jar-obl-10__p6107_safety_0.smt2	anewdsc_i0	2	594	2	3	sturm 2
QF_NIA_20170427-VeryMax__From_AProVE_2014__juHashMapCreatePut.jar-obl-10__p6107_safety_0.smt2	anewdsc_i0	2	673	2	3	sturm 2
QF_NIA_20170427-VeryMax__From_AProVE_2014__juHashMapCreatePut.jar-obl-10__p6107_safety_0.smt2	anewdsc_i0	3	143	2	3	sturm 2
QF_NIA_20170427-VeryMax__From_AProVE_2014__juHashMapCreatePut.jar-obl-10__p6107_safety_0.smt2	anewdsc_i0	3	523	2	3	sturm 2
QF_NIA_20170427-VeryMax__From_AProVE_2014__juHashMapCreatePut.jar-obl-10__p6107_safety_0.smt2	anewdsc_i0	3	524	2	3	sturm 2
QF_NIA_20170427-VeryMax__From_AProVE_2014__juHashMapCreatePut.jar-obl-10__p6107_safety_0.smt2	anewdsc_i0	3	528	2	3	sturm 2
QF_NIA_20170427-VeryMax__From_AProVE_2014__juHashMapCreatePut.jar-obl-10__p6107_safety_0.smt2	anewdsc_i0	3	594	2	3	sturm 2
QF_NIA_20170427-VeryMax__From_AProVE_2014__juHashMapCreatePut.jar-obl-10__p6107_safety_0.smt2	anewdsc_i0	3	673	2	3	sturm 2
QF_NIA_20170427-VeryMax__From_AProVE_2014__juHashMapCreatePut.jar-obl-10__p6107_safety_0.smt2	anewdsc	3	535	4	5	sturm 4
QF_NIA_20170427-VeryMax__From_AProVE_2014__juHashMapCreatePut.jar-obl-10__p6107_safety_0.smt2	anewdsc	4	535	4	5	sturm 4
QF_NIA_20170427-VeryMax__From_AProVE_2014__juHashMapCreatePut.jar-obl-10__p6107_safety_0.smt2	anewdsc_i0	4	143	2	3	sturm 2
QF_NIA_20170427-VeryMax__From_AProVE_2014__juHashMapCreatePut.jar-obl-10__p6107_safety_0.smt2	anewdsc_i0	4	523	2	3	sturm 2
QF_NIA_20170427-VeryMax__From_AProVE_2014__juHashMapCreatePut.jar-obl-10__p6107_safety_0.smt2	anewdsc_i0	4	524	2	3	sturm 2
QF_NIA_20170427-VeryMax__From_AProVE_2014__juHashMapCreatePut.jar-obl-10__p6107_safety_0.smt2	anewdsc_i0	4	528	2	3	sturm 2
QF_NIA_20170427-VeryMax__From_AProVE_2014__juHashMapCreatePut.jar-obl-10__p6107_safety_0.smt2	anewdsc_i0	4	594	2	3	sturm 2
QF_NIA_20170427-VeryMax__From_AProVE_2014__juHashMapCreatePut.jar-obl-10__p6107_safety_0.smt2	anewdsc_i0	4	673	2	3	sturm 2
QF_NIA_20170427-VeryMax__From_AProVE_2014__juHashMapCreatePut.jar-obl-10__p6107_safety_0.smt2	anewdsc	5	535	4	5	sturm 4
QF_NIA_20170427-VeryMax__From_AProVE_2014__juHashMapCreatePut.jar-obl-10__p6107_safety_0.smt2	anewdsc_i0	5	143	2	3	sturm 2
QF_NIA_20170427-VeryMax__From_AProVE_2014__juHashMapCreatePut.jar-obl-10__p6107_safety_0.smt2	anewdsc_i0	5	523	2	3	sturm 2
QF_NIA_20170427-VeryMax__From_AProVE_2014__juHashMapCreatePut.jar-obl-10__p6107_safety_0.smt2	anewdsc_i0	5	524	2	3	sturm 2
QF_NIA_20170427-VeryMax__From_AProVE_2014__juHashMapCreatePut.jar-obl-10__p6107_safety_0.smt2	anewdsc_i0	5	528	2	3	sturm 2
QF_NIA_20170427-VeryMax__From_AProVE_2014__juHashMapCreatePut.jar-obl-10__p6107_safety_0.smt2	anewdsc_i0	5	594	2	3	sturm 2
QF_NIA_20170427-VeryMax__From_AProVE_2014__juHashMapCreatePut.jar-obl-10__p6107_safety_0.smt2	anewdsc_i0	5	673	2	3	sturm 2
QF_NIA_20170427-VeryMax__From_T2__edn.t2__p20654_safety_0.smt2	anewdsc	1	395	2	3	sturm 2
QF_NIA_20170427-VeryMax__From_T2__edn.t2__p20654_safety_0.smt2	anewdsc	2	395	2	3	sturm 2
QF_NIA_20170427-VeryMax__From_T2__edn.t2__p20654_safety_0.smt2	anewdsc	3	395	2	3	sturm 2
QF_NIA_20170427-VeryMax__From_T2__edn.t2__p20654_safety_0.smt2	anewdsc	4	395	2	3	sturm 2
QF_NIA_20170427-VeryMax__From_T2__edn.t2__p20654_safety_0.smt2	anewdsc	5	395	2	3	sturm 2
QF_NIA_20170427-VeryMax__From_T2__s1.t2_fixed__p17151_safety_0.smt2	anewdsc	1	105	2	3	sturm 2
QF_NIA_20170427-VeryMax__From_T2__s1.t2_fixed__p17151_safety_0.smt2	anewdsc	2	105	2	3	sturm 2
QF_NIA_20170427-VeryMax__From_T2__s1.t2_fixed__p17151_safety_0.smt2	anewdsc	3	105	2	3	sturm 2
QF_NIA_20170427-VeryMax__From_T2__s1.t2_fixed__p17151_safety_0.smt2	anewdsc	4	105	2	3	sturm 2
QF_NIA_20170427-VeryMax__From_T2__s1.t2_fixed__p17151_safety_0.smt2	anewdsc	5	105	2	3	sturm 2
QF_NIA_20170427-VeryMax__From_T2__slayer-3-filtered.t2__p21681_safety_0.smt2	anewdsc	1	130	2	3	sturm 2
QF_NIA_20170427-VeryMax__From_T2__slayer-3-filtered.t2__p21681_safety_0.smt2	anewdsc	2	130	2	3	sturm 2
QF_NIA_20170427-VeryMax__From_T2__slayer-3-filtered.t2__p21681_safety_0.smt2	anewdsc	3	130	2	3	sturm 2
QF_NIA_20170427-VeryMax__From_T2__slayer-3-filtered.t2__p21681_safety_0.smt2	anewdsc	4	130	2	3	sturm 2
QF_NIA_20170427-VeryMax__From_T2__slayer-3-filtered.t2__p21681_safety_0.smt2	anewdsc	5	130	2	3	sturm 2
QF_NIA_20170427-VeryMax__Stroeder_15__4NestedWith3Variables_true-termination.c__p20203_terminationG_0.smt2	anewdsc	1	321	2	1	sturm 2
QF_NIA_20170427-VeryMax__Stroeder_15__4NestedWith3Variables_true-termination.c__p20203_terminationG_0.smt2	anewdsc	2	321	2	1	sturm 2
QF_NIA_20170427-VeryMax__Stroeder_15__4NestedWith3Variables_true-termination.c__p20203_terminationG_0.smt2	anewdsc	3	321	2	1	sturm 2
QF_NIA_20170427-VeryMax__Stroeder_15__4NestedWith3Variables_true-termination.c__p20203_terminationG_0.smt2	anewdsc	4	321	2	1	sturm 2
QF_NIA_20170427-VeryMax__Stroeder_15__4NestedWith3Variables_true-termination.c__p20203_terminationG_0.smt2	anewdsc	5	321	2	1	sturm 2
QF_NIA_20230328-sqrtmodinv-hoenicke__modInv32.smt2	anewdsc	1	5	8	3	sturm 2
QF_NIA_20230328-sqrtmodinv-hoenicke__modInv32.smt2	anewdsc	2	5	8	3	sturm 2
QF_NIA_20230328-sqrtmodinv-hoenicke__modInv32.smt2	anewdsc	3	5	8	3	sturm 2
QF_NIA_20230328-sqrtmodinv-hoenicke__modInv32.smt2	anewdsc	4	5	8	3	sturm 2
QF_NIA_20230328-sqrtmodinv-hoenicke__modInv32.smt2	anewdsc	5	5	8	3	sturm 2
QF_NIA_20230328-sqrtmodinv-hoenicke__sqrtStep6.smt2	anewdsc_i0	1	33	2	3	sturm 2
QF_NIA_20230328-sqrtmodinv-hoenicke__sqrtStep6.smt2	anewdsc_i0	1	39	2	3	sturm 2
QF_NIA_20230328-sqrtmodinv-hoenicke__sqrtStep6.smt2	anewdsc_i0	2	33	2	3	sturm 2
QF_NIA_20230328-sqrtmodinv-hoenicke__sqrtStep6.smt2	anewdsc_i0	2	39	2	3	sturm 2
QF_NIA_20230328-sqrtmodinv-hoenicke__sqrtStep6.smt2	anewdsc_i0	3	33	2	3	sturm 2
QF_NIA_20230328-sqrtmodinv-hoenicke__sqrtStep6.smt2	anewdsc_i0	3	39	2	3	sturm 2
QF_NIA_20230328-sqrtmodinv-hoenicke__sqrtStep6.smt2	anewdsc_i0	4	33	2	3	sturm 2
QF_NIA_20230328-sqrtmodinv-hoenicke__sqrtStep6.smt2	anewdsc_i0	4	39	2	3	sturm 2
QF_NIA_20230328-sqrtmodinv-hoenicke__sqrtStep6.smt2	anewdsc_i0	5	33	2	3	sturm 2
QF_NIA_20230328-sqrtmodinv-hoenicke__sqrtStep6.smt2	anewdsc_i0	5	39	2	3	sturm 2
QF_NIA_20230328-sqrtmodinv-hoenicke__sqrtStep7.smt2	anewdsc_i0	1	30	2	3	sturm 2
QF_NIA_20230328-sqrtmodinv-hoenicke__sqrtStep7.smt2	anewdsc_i0	1	33	2	3	sturm 2
QF_NIA_20230328-sqrtmodinv-hoenicke__sqrtStep7.smt2	anewdsc_i0	1	36	2	3	sturm 2
QF_NIA_20230328-sqrtmodinv-hoenicke__sqrtStep7.smt2	anewdsc_i0	1	53	2	3	sturm 2
QF_NIA_20230328-sqrtmodinv-hoenicke__sqrtStep7.smt2	anewdsc_i0	1	59	2	3	sturm 2
QF_NIA_20230328-sqrtmodinv-hoenicke__sqrtStep7.smt2	anewdsc_i0	1	62	2	3	sturm 2
QF_NIA_20230328-sqrtmodinv-hoenicke__sqrtStep7.smt2	anewdsc_i0	1	63	2	3	sturm 2
QF_NIA_20230328-sqrtmodinv-hoenicke__sqrtStep7.smt2	anewdsc_i0	1	65	2	3	sturm 2
QF_NIA_20230328-sqrtmodinv-hoenicke__sqrtStep7.smt2	anewdsc_i0	1	71	2	3	sturm 2
QF_NIA_20230328-sqrtmodinv-hoenicke__sqrtStep7.smt2	anewdsc_i0	1	72	2	3	sturm 2
QF_NIA_20230328-sqrtmodinv-hoenicke__sqrtStep7.smt2	anewdsc_i0	1	74	2	3	sturm 2
QF_NIA_20230328-sqrtmodinv-hoenicke__sqrtStep7.smt2	anewdsc_i0	1	91	2	3	sturm 2
QF_NIA_20230328-sqrtmodinv-hoenicke__sqrtStep7.smt2	anewdsc_i0	1	93	2	3	sturm 2
QF_NIA_20230328-sqrtmodinv-hoenicke__sqrtStep7.smt2	anewdsc_i0	2	30	2	3	sturm 2
QF_NIA_20230328-sqrtmodinv-hoenicke__sqrtStep7.smt2	anewdsc_i0	2	33	2	3	sturm 2
QF_NIA_20230328-sqrtmodinv-hoenicke__sqrtStep7.smt2	anewdsc_i0	2	36	2	3	sturm 2
QF_NIA_20230328-sqrtmodinv-hoenicke__sqrtStep7.smt2	anewdsc_i0	2	53	2	3	sturm 2
QF_NIA_20230328-sqrtmodinv-hoenicke__sqrtStep7.smt2	anewdsc_i0	2	59	2	3	sturm 2
QF_NIA_20230328-sqrtmodinv-hoenicke__sqrtStep7.smt2	anewdsc_i0	2	62	2	3	sturm 2
QF_NIA_20230328-sqrtmodinv-hoenicke__sqrtStep7.smt2	anewdsc_i0	2	63	2	3	sturm 2
QF_NIA_20230328-sqrtmodinv-hoenicke__sqrtStep7.smt2	anewdsc_i0	2	65	2	3	sturm 2
QF_NIA_20230328-sqrtmodinv-hoenicke__sqrtStep7.smt2	anewdsc_i0	2	71	2	3	sturm 2
QF_NIA_20230328-sqrtmodinv-hoenicke__sqrtStep7.smt2	anewdsc_i0	2	72	2	3	sturm 2
QF_NIA_20230328-sqrtmodinv-hoenicke__sqrtStep7.smt2	anewdsc_i0	2	74	2	3	sturm 2
QF_NIA_20230328-sqrtmodinv-hoenicke__sqrtStep7.smt2	anewdsc_i0	2	91	2	3	sturm 2
QF_NIA_20230328-sqrtmodinv-hoenicke__sqrtStep7.smt2	anewdsc_i0	2	93	2	3	sturm 2
QF_NIA_20230328-sqrtmodinv-hoenicke__sqrtStep7.smt2	anewdsc_i0	3	30	2	3	sturm 2
QF_NIA_20230328-sqrtmodinv-hoenicke__sqrtStep7.smt2	anewdsc_i0	3	33	2	3	sturm 2
QF_NIA_20230328-sqrtmodinv-hoenicke__sqrtStep7.smt2	anewdsc_i0	3	36	2	3	sturm 2
QF_NIA_20230328-sqrtmodinv-hoenicke__sqrtStep7.smt2	anewdsc_i0	3	53	2	3	sturm 2
QF_NIA_20230328-sqrtmodinv-hoenicke__sqrtStep7.smt2	anewdsc_i0	3	59	2	3	sturm 2
QF_NIA_20230328-sqrtmodinv-hoenicke__sqrtStep7.smt2	anewdsc_i0	3	62	2	3	sturm 2
QF_NIA_20230328-sqrtmodinv-hoenicke__sqrtStep7.smt2	anewdsc_i0	3	63	2	3	sturm 2
QF_NIA_20230328-sqrtmodinv-hoenicke__sqrtStep7.smt2	anewdsc_i0	3	65	2	3	sturm 2
QF_NIA_20230328-sqrtmodinv-hoenicke__sqrtStep7.smt2	anewdsc_i0	3	71	2	3	sturm 2
QF_NIA_20230328-sqrtmodinv-hoenicke__sqrtStep7.smt2	anewdsc_i0	3	72	2	3	sturm 2
QF_NIA_20230328-sqrtmodinv-hoenicke__sqrtStep7.smt2	anewdsc_i0	3	74	2	3	sturm 2
QF_NIA_20230328-sqrtmodinv-hoenicke__sqrtStep7.smt2	anewdsc_i0	3	91	2	3	sturm 2
QF_NIA_20230328-sqrtmodinv-hoenicke__sqrtStep7.smt2	anewdsc_i0	3	93	2	3	sturm 2
QF_NIA_20230328-sqrtmodinv-hoenicke__sqrtStep7.smt2	anewdsc_i0	4	30	2	3	sturm 2
QF_NIA_20230328-sqrtmodinv-hoenicke__sqrtStep7.smt2	anewdsc_i0	4	33	2	3	sturm 2
QF_NIA_20230328-sqrtmodinv-hoenicke__sqrtStep7.smt2	anewdsc_i0	4	36	2	3	sturm 2
QF_NIA_20230328-sqrtmodinv-hoenicke__sqrtStep7.smt2	anewdsc_i0	4	53	2	3	sturm 2
QF_NIA_20230328-sqrtmodinv-hoenicke__sqrtStep7.smt2	anewdsc_i0	4	59	2	3	sturm 2
QF_NIA_20230328-sqrtmodinv-hoenicke__sqrtStep7.smt2	anewdsc_i0	4	62	2	3	sturm 2
QF_NIA_20230328-sqrtmodinv-hoenicke__sqrtStep7.smt2	anewdsc_i0	4	63	2	3	sturm 2
QF_NIA_20230328-sqrtmodinv-hoenicke__sqrtStep7.smt2	anewdsc_i0	4	65	2	3	sturm 2
QF_NIA_20230328-sqrtmodinv-hoenicke__sqrtStep7.smt2	anewdsc_i0	4	71	2	3	sturm 2
QF_NIA_20230328-sqrtmodinv-hoenicke__sqrtStep7.smt2	anewdsc_i0	4	72	2	3	sturm 2
QF_NIA_20230328-sqrtmodinv-hoenicke__sqrtStep7.smt2	anewdsc_i0	4	74	2	3	sturm 2
QF_NIA_20230328-sqrtmodinv-hoenicke__sqrtStep7.smt2	anewdsc_i0	4	91	2	3	sturm 2
QF_NIA_20230328-sqrtmodinv-hoenicke__sqrtStep7.smt2	anewdsc_i0	4	93	2	3	sturm 2
QF_NIA_20230328-sqrtmodinv-hoenicke__sqrtStep7.smt2	anewdsc_i0	5	30	2	3	sturm 2
QF_NIA_20230328-sqrtmodinv-hoenicke__sqrtStep7.smt2	anewdsc_i0	5	33	2	3	sturm 2
QF_NIA_20230328-sqrtmodinv-hoenicke__sqrtStep7.smt2	anewdsc_i0	5	36	2	3	sturm 2
QF_NIA_20230328-sqrtmodinv-hoenicke__sqrtStep7.smt2	anewdsc_i0	5	53	2	3	sturm 2
QF_NIA_20230328-sqrtmodinv-hoenicke__sqrtStep7.smt2	anewdsc_i0	5	59	2	3	sturm 2
QF_NIA_20230328-sqrtmodinv-hoenicke__sqrtStep7.smt2	anewdsc_i0	5	62	2	3	sturm 2
QF_NIA_20230328-sqrtmodinv-hoenicke__sqrtStep7.smt2	anewdsc_i0	5	63	2	3	sturm 2
QF_NIA_20230328-sqrtmodinv-hoenicke__sqrtStep7.smt2	anewdsc_i0	5	65	2	3	sturm 2
QF_NIA_20230328-sqrtmodinv-hoenicke__sqrtStep7.smt2	anewdsc_i0	5	71	2	3	sturm 2
QF_NIA_20230328-sqrtmodinv-hoenicke__sqrtStep7.smt2	anewdsc_i0	5	72	2	3	sturm 2
QF_NIA_20230328-sqrtmodinv-hoenicke__sqrtStep7.smt2	anewdsc_i0	5	74	2	3	sturm 2
QF_NIA_20230328-sqrtmodinv-hoenicke__sqrtStep7.smt2	anewdsc_i0	5	91	2	3	sturm 2
QF_NIA_20230328-sqrtmodinv-hoenicke__sqrtStep7.smt2	anewdsc_i0	5	93	2	3	sturm 2
QF_NIA_20230328-sqrtmodinv-hoenicke__sqrtStep7a.smt2	anewdsc_i0	1	43	4	5	sturm 4
QF_NIA_20230328-sqrtmodinv-hoenicke__sqrtStep7a.smt2	anewdsc_i0	1	47	2	3	sturm 2
QF_NIA_20230328-sqrtmodinv-hoenicke__sqrtStep7a.smt2	anewdsc_i0	1	49	2	3	sturm 2
QF_NIA_20230328-sqrtmodinv-hoenicke__sqrtStep7a.smt2	anewdsc_i0	1	51	2	3	sturm 2
QF_NIA_20230328-sqrtmodinv-hoenicke__sqrtStep7a.smt2	anewdsc_i0	2	43	4	5	sturm 4
QF_NIA_20230328-sqrtmodinv-hoenicke__sqrtStep7a.smt2	anewdsc_i0	2	47	2	3	sturm 2
QF_NIA_20230328-sqrtmodinv-hoenicke__sqrtStep7a.smt2	anewdsc_i0	2	49	2	3	sturm 2
QF_NIA_20230328-sqrtmodinv-hoenicke__sqrtStep7a.smt2	anewdsc_i0	2	51	2	3	sturm 2
QF_NIA_20230328-sqrtmodinv-hoenicke__sqrtStep7a.smt2	anewdsc_i0	3	43	4	5	sturm 4
QF_NIA_20230328-sqrtmodinv-hoenicke__sqrtStep7a.smt2	anewdsc_i0	3	47	2	3	sturm 2
QF_NIA_20230328-sqrtmodinv-hoenicke__sqrtStep7a.smt2	anewdsc_i0	3	49	2	3	sturm 2
QF_NIA_20230328-sqrtmodinv-hoenicke__sqrtStep7a.smt2	anewdsc_i0	3	51	2	3	sturm 2
QF_NIA_20230328-sqrtmodinv-hoenicke__sqrtStep7a.smt2	anewdsc_i0	4	43	4	5	sturm 4
QF_NIA_20230328-sqrtmodinv-hoenicke__sqrtStep7a.smt2	anewdsc_i0	4	47	2	3	sturm 2
QF_NIA_20230328-sqrtmodinv-hoenicke__sqrtStep7a.smt2	anewdsc_i0	4	49	2	3	sturm 2
QF_NIA_20230328-sqrtmodinv-hoenicke__sqrtStep7a.smt2	anewdsc_i0	4	51	2	3	sturm 2
QF_NIA_20230328-sqrtmodinv-hoenicke__sqrtStep7a.smt2	anewdsc_i0	5	43	4	5	sturm 4
QF_NIA_20230328-sqrtmodinv-hoenicke__sqrtStep7a.smt2	anewdsc_i0	5	47	2	3	sturm 2
QF_NIA_20230328-sqrtmodinv-hoenicke__sqrtStep7a.smt2	anewdsc_i0	5	49	2	3	sturm 2
QF_NIA_20230328-sqrtmodinv-hoenicke__sqrtStep7a.smt2	anewdsc_i0	5	51	2	3	sturm 2
QF_NIA_AProVE__aproveSMT4709971078612194434.smt2	anewdsc_i0	1	225	4	1	sturm 2
QF_NIA_AProVE__aproveSMT4709971078612194434.smt2	anewdsc_i0	2	225	4	1	sturm 2
QF_NIA_AProVE__aproveSMT4709971078612194434.smt2	anewdsc_i0	3	225	4	1	sturm 2
QF_NIA_AProVE__aproveSMT4709971078612194434.smt2	anewdsc_i0	4	225	4	1	sturm 2
QF_NIA_AProVE__aproveSMT4709971078612194434.smt2	anewdsc_i0	5	225	4	1	sturm 2
QF_NIA_AProVE__aproveSMT6531155344723557531.smt2	anewdsc	1	124	2	3	sturm 2
QF_NIA_AProVE__aproveSMT6531155344723557531.smt2	anewdsc	1	139	2	3	sturm 2
QF_NIA_AProVE__aproveSMT6531155344723557531.smt2	anewdsc	1	148	2	3	sturm 2
QF_NIA_AProVE__aproveSMT6531155344723557531.smt2	anewdsc	1	153	2	3	sturm 2
QF_NIA_AProVE__aproveSMT6531155344723557531.smt2	anewdsc	1	169	2	3	sturm 2
QF_NIA_AProVE__aproveSMT6531155344723557531.smt2	anewdsc	1	172	2	3	sturm 2
QF_NIA_AProVE__aproveSMT6531155344723557531.smt2	anewdsc	1	214	2	3	sturm 2
QF_NIA_AProVE__aproveSMT6531155344723557531.smt2	anewdsc	2	124	2	3	sturm 2
QF_NIA_AProVE__aproveSMT6531155344723557531.smt2	anewdsc	2	139	2	3	sturm 2
QF_NIA_AProVE__aproveSMT6531155344723557531.smt2	anewdsc	2	148	2	3	sturm 2
QF_NIA_AProVE__aproveSMT6531155344723557531.smt2	anewdsc	2	153	2	3	sturm 2
QF_NIA_AProVE__aproveSMT6531155344723557531.smt2	anewdsc	2	169	2	3	sturm 2
QF_NIA_AProVE__aproveSMT6531155344723557531.smt2	anewdsc	2	172	2	3	sturm 2
QF_NIA_AProVE__aproveSMT6531155344723557531.smt2	anewdsc	2	214	2	3	sturm 2
QF_NIA_AProVE__aproveSMT6531155344723557531.smt2	anewdsc	3	124	2	3	sturm 2
QF_NIA_AProVE__aproveSMT6531155344723557531.smt2	anewdsc	3	139	2	3	sturm 2
QF_NIA_AProVE__aproveSMT6531155344723557531.smt2	anewdsc	3	148	2	3	sturm 2
QF_NIA_AProVE__aproveSMT6531155344723557531.smt2	anewdsc	3	153	2	3	sturm 2
QF_NIA_AProVE__aproveSMT6531155344723557531.smt2	anewdsc	3	169	2	3	sturm 2
QF_NIA_AProVE__aproveSMT6531155344723557531.smt2	anewdsc	3	172	2	3	sturm 2
QF_NIA_AProVE__aproveSMT6531155344723557531.smt2	anewdsc	3	214	2	3	sturm 2
QF_NIA_AProVE__aproveSMT6531155344723557531.smt2	anewdsc	4	124	2	3	sturm 2
QF_NIA_AProVE__aproveSMT6531155344723557531.smt2	anewdsc	4	139	2	3	sturm 2
QF_NIA_AProVE__aproveSMT6531155344723557531.smt2	anewdsc	4	148	2	3	sturm 2
QF_NIA_AProVE__aproveSMT6531155344723557531.smt2	anewdsc	4	153	2	3	sturm 2
QF_NIA_AProVE__aproveSMT6531155344723557531.smt2	anewdsc	4	169	2	3	sturm 2
QF_NIA_AProVE__aproveSMT6531155344723557531.smt2	anewdsc	4	172	2	3	sturm 2
QF_NIA_AProVE__aproveSMT6531155344723557531.smt2	anewdsc	4	214	2	3	sturm 2
QF_NIA_AProVE__aproveSMT6531155344723557531.smt2	anewdsc	5	124	2	3	sturm 2
QF_NIA_AProVE__aproveSMT6531155344723557531.smt2	anewdsc	5	139	2	3	sturm 2
QF_NIA_AProVE__aproveSMT6531155344723557531.smt2	anewdsc	5	148	2	3	sturm 2
QF_NIA_AProVE__aproveSMT6531155344723557531.smt2	anewdsc	5	153	2	3	sturm 2
QF_NIA_AProVE__aproveSMT6531155344723557531.smt2	anewdsc	5	169	2	3	sturm 2
QF_NIA_AProVE__aproveSMT6531155344723557531.smt2	anewdsc	5	172	2	3	sturm 2
QF_NIA_AProVE__aproveSMT6531155344723557531.smt2	anewdsc	5	214	2	3	sturm 2
QF_NRA_20170501-Heizmann-UltimateInvariantSynthesis__linear_search.i_7_23_3.bpl_3.smt2	anewdsc_i0	1	140	2	3	sturm 2
QF_NRA_20170501-Heizmann-UltimateInvariantSynthesis__linear_search.i_7_23_3.bpl_3.smt2	anewdsc_i0	1	144	2	3	sturm 2
QF_NRA_20170501-Heizmann-UltimateInvariantSynthesis__linear_search.i_7_23_3.bpl_3.smt2	anewdsc_i0	1	170	2	3	sturm 2
QF_NRA_20170501-Heizmann-UltimateInvariantSynthesis__linear_search.i_7_23_3.bpl_3.smt2	anewdsc_i0	1	221	2	3	sturm 2
QF_NRA_20170501-Heizmann-UltimateInvariantSynthesis__linear_search.i_7_23_3.bpl_3.smt2	anewdsc_i0	1	227	2	3	sturm 2
QF_NRA_20170501-Heizmann-UltimateInvariantSynthesis__linear_search.i_7_23_3.bpl_3.smt2	anewdsc_i0	1	351	2	3	sturm 2
QF_NRA_20170501-Heizmann-UltimateInvariantSynthesis__linear_search.i_7_23_3.bpl_3.smt2	anewdsc_i0	2	140	2	3	sturm 2
QF_NRA_20170501-Heizmann-UltimateInvariantSynthesis__linear_search.i_7_23_3.bpl_3.smt2	anewdsc_i0	2	144	2	3	sturm 2
QF_NRA_20170501-Heizmann-UltimateInvariantSynthesis__linear_search.i_7_23_3.bpl_3.smt2	anewdsc_i0	2	170	2	3	sturm 2
QF_NRA_20170501-Heizmann-UltimateInvariantSynthesis__linear_search.i_7_23_3.bpl_3.smt2	anewdsc_i0	2	221	2	3	sturm 2
QF_NRA_20170501-Heizmann-UltimateInvariantSynthesis__linear_search.i_7_23_3.bpl_3.smt2	anewdsc_i0	2	227	2	3	sturm 2
QF_NRA_20170501-Heizmann-UltimateInvariantSynthesis__linear_search.i_7_23_3.bpl_3.smt2	anewdsc_i0	2	351	2	3	sturm 2
QF_NRA_20170501-Heizmann-UltimateInvariantSynthesis__linear_search.i_7_23_3.bpl_3.smt2	anewdsc_i0	3	140	2	3	sturm 2
QF_NRA_20170501-Heizmann-UltimateInvariantSynthesis__linear_search.i_7_23_3.bpl_3.smt2	anewdsc_i0	3	144	2	3	sturm 2
QF_NRA_20170501-Heizmann-UltimateInvariantSynthesis__linear_search.i_7_23_3.bpl_3.smt2	anewdsc_i0	3	170	2	3	sturm 2
QF_NRA_20170501-Heizmann-UltimateInvariantSynthesis__linear_search.i_7_23_3.bpl_3.smt2	anewdsc_i0	3	221	2	3	sturm 2
QF_NRA_20170501-Heizmann-UltimateInvariantSynthesis__linear_search.i_7_23_3.bpl_3.smt2	anewdsc_i0	3	227	2	3	sturm 2
QF_NRA_20170501-Heizmann-UltimateInvariantSynthesis__linear_search.i_7_23_3.bpl_3.smt2	anewdsc_i0	3	351	2	3	sturm 2
QF_NRA_20170501-Heizmann-UltimateInvariantSynthesis__linear_search.i_7_23_3.bpl_3.smt2	anewdsc_i0	4	140	2	3	sturm 2
QF_NRA_20170501-Heizmann-UltimateInvariantSynthesis__linear_search.i_7_23_3.bpl_3.smt2	anewdsc_i0	4	144	2	3	sturm 2
QF_NRA_20170501-Heizmann-UltimateInvariantSynthesis__linear_search.i_7_23_3.bpl_3.smt2	anewdsc_i0	4	170	2	3	sturm 2
QF_NRA_20170501-Heizmann-UltimateInvariantSynthesis__linear_search.i_7_23_3.bpl_3.smt2	anewdsc_i0	4	221	2	3	sturm 2
QF_NRA_20170501-Heizmann-UltimateInvariantSynthesis__linear_search.i_7_23_3.bpl_3.smt2	anewdsc_i0	4	227	2	3	sturm 2
QF_NRA_20170501-Heizmann-UltimateInvariantSynthesis__linear_search.i_7_23_3.bpl_3.smt2	anewdsc_i0	4	351	2	3	sturm 2
QF_NRA_20170501-Heizmann-UltimateInvariantSynthesis__linear_search.i_7_23_3.bpl_3.smt2	anewdsc_i0	5	140	2	3	sturm 2
QF_NRA_20170501-Heizmann-UltimateInvariantSynthesis__linear_search.i_7_23_3.bpl_3.smt2	anewdsc_i0	5	144	2	3	sturm 2
QF_NRA_20170501-Heizmann-UltimateInvariantSynthesis__linear_search.i_7_23_3.bpl_3.smt2	anewdsc_i0	5	170	2	3	sturm 2
QF_NRA_20170501-Heizmann-UltimateInvariantSynthesis__linear_search.i_7_23_3.bpl_3.smt2	anewdsc_i0	5	221	2	3	sturm 2
QF_NRA_20170501-Heizmann-UltimateInvariantSynthesis__linear_search.i_7_23_3.bpl_3.smt2	anewdsc_i0	5	227	2	3	sturm 2
QF_NRA_20170501-Heizmann-UltimateInvariantSynthesis__linear_search.i_7_23_3.bpl_3.smt2	anewdsc_i0	5	351	2	3	sturm 2
QF_NRA_20170501-Heizmann-UltimateInvariantSynthesis__standard_copy1_ground.i_3_2_2.bpl_9.smt2	anewdsc	1	528	2	3	sturm 2
QF_NRA_20170501-Heizmann-UltimateInvariantSynthesis__standard_copy1_ground.i_3_2_2.bpl_9.smt2	anewdsc	1	529	2	3	sturm 2
QF_NRA_20170501-Heizmann-UltimateInvariantSynthesis__standard_copy1_ground.i_3_2_2.bpl_9.smt2	anewdsc	1	536	2	3	sturm 2
QF_NRA_20170501-Heizmann-UltimateInvariantSynthesis__standard_copy1_ground.i_3_2_2.bpl_9.smt2	anewdsc_i0	1	159	2	3	sturm 2
QF_NRA_20170501-Heizmann-UltimateInvariantSynthesis__standard_copy1_ground.i_3_2_2.bpl_9.smt2	anewdsc_i0	1	195	2	3	sturm 2
QF_NRA_20170501-Heizmann-UltimateInvariantSynthesis__standard_copy1_ground.i_3_2_2.bpl_9.smt2	anewdsc_i0	1	528	2	3	sturm 2
QF_NRA_20170501-Heizmann-UltimateInvariantSynthesis__standard_copy1_ground.i_3_2_2.bpl_9.smt2	anewdsc_i0	1	529	2	3	sturm 2
QF_NRA_20170501-Heizmann-UltimateInvariantSynthesis__standard_copy1_ground.i_3_2_2.bpl_9.smt2	anewdsc_i0	1	536	2	3	sturm 2
QF_NRA_20170501-Heizmann-UltimateInvariantSynthesis__standard_copy1_ground.i_3_2_2.bpl_9.smt2	anewdsc	2	528	2	3	sturm 2
QF_NRA_20170501-Heizmann-UltimateInvariantSynthesis__standard_copy1_ground.i_3_2_2.bpl_9.smt2	anewdsc	2	529	2	3	sturm 2
QF_NRA_20170501-Heizmann-UltimateInvariantSynthesis__standard_copy1_ground.i_3_2_2.bpl_9.smt2	anewdsc	2	536	2	3	sturm 2
QF_NRA_20170501-Heizmann-UltimateInvariantSynthesis__standard_copy1_ground.i_3_2_2.bpl_9.smt2	anewdsc_i0	2	159	2	3	sturm 2
QF_NRA_20170501-Heizmann-UltimateInvariantSynthesis__standard_copy1_ground.i_3_2_2.bpl_9.smt2	anewdsc_i0	2	195	2	3	sturm 2
QF_NRA_20170501-Heizmann-UltimateInvariantSynthesis__standard_copy1_ground.i_3_2_2.bpl_9.smt2	anewdsc_i0	2	528	2	3	sturm 2
QF_NRA_20170501-Heizmann-UltimateInvariantSynthesis__standard_copy1_ground.i_3_2_2.bpl_9.smt2	anewdsc_i0	2	529	2	3	sturm 2
QF_NRA_20170501-Heizmann-UltimateInvariantSynthesis__standard_copy1_ground.i_3_2_2.bpl_9.smt2	anewdsc_i0	2	536	2	3	sturm 2
QF_NRA_20170501-Heizmann-UltimateInvariantSynthesis__standard_copy1_ground.i_3_2_2.bpl_9.smt2	anewdsc	3	528	2	3	sturm 2
QF_NRA_20170501-Heizmann-UltimateInvariantSynthesis__standard_copy1_ground.i_3_2_2.bpl_9.smt2	anewdsc	3	529	2	3	sturm 2
QF_NRA_20170501-Heizmann-UltimateInvariantSynthesis__standard_copy1_ground.i_3_2_2.bpl_9.smt2	anewdsc	3	536	2	3	sturm 2
QF_NRA_20170501-Heizmann-UltimateInvariantSynthesis__standard_copy1_ground.i_3_2_2.bpl_9.smt2	anewdsc_i0	3	159	2	3	sturm 2
QF_NRA_20170501-Heizmann-UltimateInvariantSynthesis__standard_copy1_ground.i_3_2_2.bpl_9.smt2	anewdsc_i0	3	195	2	3	sturm 2
QF_NRA_20170501-Heizmann-UltimateInvariantSynthesis__standard_copy1_ground.i_3_2_2.bpl_9.smt2	anewdsc_i0	3	528	2	3	sturm 2
QF_NRA_20170501-Heizmann-UltimateInvariantSynthesis__standard_copy1_ground.i_3_2_2.bpl_9.smt2	anewdsc_i0	3	529	2	3	sturm 2
QF_NRA_20170501-Heizmann-UltimateInvariantSynthesis__standard_copy1_ground.i_3_2_2.bpl_9.smt2	anewdsc_i0	3	536	2	3	sturm 2
QF_NRA_20170501-Heizmann-UltimateInvariantSynthesis__standard_copy1_ground.i_3_2_2.bpl_9.smt2	anewdsc	4	528	2	3	sturm 2
QF_NRA_20170501-Heizmann-UltimateInvariantSynthesis__standard_copy1_ground.i_3_2_2.bpl_9.smt2	anewdsc	4	529	2	3	sturm 2
QF_NRA_20170501-Heizmann-UltimateInvariantSynthesis__standard_copy1_ground.i_3_2_2.bpl_9.smt2	anewdsc	4	536	2	3	sturm 2
QF_NRA_20170501-Heizmann-UltimateInvariantSynthesis__standard_copy1_ground.i_3_2_2.bpl_9.smt2	anewdsc_i0	4	159	2	3	sturm 2
QF_NRA_20170501-Heizmann-UltimateInvariantSynthesis__standard_copy1_ground.i_3_2_2.bpl_9.smt2	anewdsc_i0	4	195	2	3	sturm 2
QF_NRA_20170501-Heizmann-UltimateInvariantSynthesis__standard_copy1_ground.i_3_2_2.bpl_9.smt2	anewdsc_i0	4	528	2	3	sturm 2
QF_NRA_20170501-Heizmann-UltimateInvariantSynthesis__standard_copy1_ground.i_3_2_2.bpl_9.smt2	anewdsc_i0	4	529	2	3	sturm 2
QF_NRA_20170501-Heizmann-UltimateInvariantSynthesis__standard_copy1_ground.i_3_2_2.bpl_9.smt2	anewdsc_i0	4	536	2	3	sturm 2
QF_NRA_20170501-Heizmann-UltimateInvariantSynthesis__standard_copy1_ground.i_3_2_2.bpl_9.smt2	anewdsc_i0	5	159	2	3	sturm 2
QF_NRA_20170501-Heizmann-UltimateInvariantSynthesis__standard_copy1_ground.i_3_2_2.bpl_9.smt2	anewdsc_i0	5	195	2	3	sturm 2
QF_NRA_20170501-Heizmann-UltimateInvariantSynthesis__standard_copy1_ground.i_3_2_2.bpl_9.smt2	anewdsc_i0	5	528	2	3	sturm 2
QF_NRA_20170501-Heizmann-UltimateInvariantSynthesis__standard_copy1_ground.i_3_2_2.bpl_9.smt2	anewdsc_i0	5	529	2	3	sturm 2
QF_NRA_20170501-Heizmann-UltimateInvariantSynthesis__standard_copy1_ground.i_3_2_2.bpl_9.smt2	anewdsc_i0	5	536	2	3	sturm 2
QF_NRA_20170501-Heizmann-UltimateInvariantSynthesis__standard_copy1_ground.i_3_2_2.bpl_9.smt2	anewdsc	5	528	2	3	sturm 2
QF_NRA_20170501-Heizmann-UltimateInvariantSynthesis__standard_copy1_ground.i_3_2_2.bpl_9.smt2	anewdsc	5	529	2	3	sturm 2
QF_NRA_20170501-Heizmann-UltimateInvariantSynthesis__standard_copy1_ground.i_3_2_2.bpl_9.smt2	anewdsc	5	536	2	3	sturm 2
QF_NRA_20170501-Heizmann-UltimateInvariantSynthesis__standard_init9_ground.i_3_2_2.bpl_3.smt2	anewdsc_i0	1	60	2	3	sturm 2
QF_NRA_20170501-Heizmann-UltimateInvariantSynthesis__standard_init9_ground.i_3_2_2.bpl_3.smt2	anewdsc_i0	2	60	2	3	sturm 2
QF_NRA_20170501-Heizmann-UltimateInvariantSynthesis__standard_init9_ground.i_3_2_2.bpl_3.smt2	anewdsc_i0	3	60	2	3	sturm 2
QF_NRA_20170501-Heizmann-UltimateInvariantSynthesis__standard_init9_ground.i_3_2_2.bpl_3.smt2	anewdsc_i0	4	60	2	3	sturm 2
QF_NRA_20170501-Heizmann-UltimateInvariantSynthesis__standard_init9_ground.i_3_2_2.bpl_3.smt2	anewdsc_i0	5	60	2	3	sturm 2
