case	poly	deg	input_sha256	export_sha16	checker	reported_pos	reported_neg	reported_zero	status	sturm_pos	sturm_neg	zero	reduction_k	reduction_d	reference	ref_agree	reasons	check_s	credited
and01_nested_mignotte_d260_b100	1	260	df2d8b48d83567637b6a69b7c9ac55319c920cde706813204e0f7df269d64aa7	88c59641f549c507	f337c147	12	0	0	OK	12	0	0	0	1	12	1		4.653	1
and01_nested_mignotte_d260_b10240	1	260	075a6aedeba2d1972b5adfa0447e180fc2505ec5dd49c94850980f638dbe7623	88c59641f549c507	f337c147	12	0	0	UNCHECKED	-	-	-	-	-	12	-	over budget (e_ALARM)	857.016	1
and01_nested_mignotte_d260_b1280	1	260	0fa84a6fafd62ba63a1789b81c0d6a9a62ae939395e5f280e1f0c293546a51ef	88c59641f549c507	f337c147	12	0	0	OK	12	0	0	0	1	12	1		160.797	1
and01_nested_mignotte_d260_b14480	1	260	dd1cd273bfa4d383659ee2ed9e38aa4a20392055e0e17db4e4c049a55a7a3519	88c59641f549c507	f337c147	12	0	0	UNCHECKED	-	-	-	-	-	12	-	over budget (e_ALARM)	881.037	1
and01_nested_mignotte_d260_b160	1	260	29ca2fdc2e70687dafcf4f9ba555c4e6397bc014d7cdea83c2e2fdbbada94aae	88c59641f549c507	f337c147	12	0	0	OK	12	0	0	0	1	12	1		9.771	1
and01_nested_mignotte_d260_b1800	1	260	abeca895d1ddc36d8c8b5f37ac8a6b9d8fad917f03becac2de510e4612c0310e	88c59641f549c507	f337c147	12	0	0	OK	12	0	0	0	1	12	1		229.736	1
and01_nested_mignotte_d260_b20480	1	260	45545a10af078d063a9401ee0249b364a52315e2aab45668471a242d2b13bedc	88c59641f549c507	f337c147	12	0	0	UNCHECKED	-	-	-	-	-	12	-	over budget (e_ALARM)	892.719	1
and01_nested_mignotte_d260_b220	1	260	9aa48b0a0bb4e5822e5850d683afad817807cc6e90f651997d8cb8a867bd0663	88c59641f549c507	f337c147	12	0	0	OK	12	0	0	0	1	12	1		15.828	1
and01_nested_mignotte_d260_b2560	1	260	b40c5f4d3b350e90840de0db416053a0996e1d2fda5b814acb6dc917a541bf76	88c59641f549c507	f337c147	12	0	0	OK	12	0	0	0	1	12	1		364.326	1
and01_nested_mignotte_d260_b28960	1	260	8cdce01641b9d99b4ab66185cf439f075c58d9e39d207bb03eaf762bb3a3edcf	88c59641f549c507	f337c147	12	0	0	UNCHECKED	-	-	-	-	-	12	-	over budget (e_ALARM)	889.968	1
and01_nested_mignotte_d260_b320	1	260	466838e8c405584b3f16589c68faaa4724e9008adaded98eabcfd0a7c99c639c	88c59641f549c507	f337c147	12	0	0	OK	12	0	0	0	1	12	1		25.768	1
and01_nested_mignotte_d260_b3620	1	260	13a79369be090b1497d84132e70769990785ec6ec71abe1d45299e3fb0f20771	88c59641f549c507	f337c147	12	0	0	OK	12	0	0	0	1	12	1		572.789	1
and01_nested_mignotte_d260_b38	1	260	8b3f3863db110fbf6c227409ca34c1853eea9ce0d9defbc6206902effcb4fab6	88c59641f549c507	f337c147	12	0	0	OK	12	0	0	0	1	12	1		1.112	1
and01_nested_mignotte_d260_b40960	1	260	2ec793da9bbfd4f283cc9f849c1dd687d209cf24c9f883065f7a41b4c551dabb	88c59641f549c507	1c3cd07a	12	0	0	UNCHECKED	-	-	-	-	-	12	-	e_ALARM	897.774	1
and01_nested_mignotte_d260_b440	1	260	09dba8f223aab9894635b9d4d5a9b210dea2272e7446692c1ae18def737061c9	88c59641f549c507	f337c147	12	0	0	OK	12	0	0	0	1	12	1		39.178	1
and01_nested_mignotte_d260_b5120	1	260	c33bdb5e4314a1b795de0ff40de2cdd67c7d990fe1cef7721428591545dcef91	88c59641f549c507	f337c147	12	0	0	UNCHECKED	-	-	-	-	-	12	-	over budget (e_ALARM)	879.765	1
and01_nested_mignotte_d260_b640	1	260	841e0b3a0951451c8d563118709ec9061b7857f100016f9bfb963b44e63ccf73	88c59641f549c507	f337c147	12	0	0	OK	12	0	0	0	1	12	1		68.456	1
and01_nested_mignotte_d260_b7240	1	260	626ca0d337db6646428a92aa0a1db9f9a262f13770530be1d1533e59fc8b826b	88c59641f549c507	f337c147	12	0	0	UNCHECKED	-	-	-	-	-	12	-	over budget (e_ALARM)	880.86	1
and01_nested_mignotte_d260_b79	1	260	94679d6ae52daecfd32f8c5d135d9f3baf1601685e342dba06abed9555325443	88c59641f549c507	f337c147	12	0	0	OK	12	0	0	0	1	12	1		4.024	1
and01_nested_mignotte_d260_b900	1	260	4fcd6b4153558a2d41dfdba7f7dbeb24ff109bc73eba4b2387d72e267b149dcc	88c59641f549c507	f337c147	12	0	0	OK	12	0	0	0	1	12	1		104.831	1
and02_nested_mignotte_d1028_b140	1	1028	9be3a0babbd61ae80032c2841960ecfe791bcadafcaa48712a1605a2963cd3bd	88c59641f549c507	f337c147	12	0	0	OK	12	0	0	0	1	12	1		333.299	1
and02_nested_mignotte_d132_b140	1	132	72b7f54cc46b8c78dd5707877c0d09277f866f8d0dc0463cfff4e4c5cb481d62	88c59641f549c507	f337c147	12	0	0	OK	12	0	0	0	1	12	1		0.584	1
and02_nested_mignotte_d180_b140	1	180	35dfca11dad5da449f93403c40378fe5d7e89dadb50e5844169706e97dd7e56c	88c59641f549c507	f337c147	12	0	0	OK	12	0	0	0	1	12	1		1.745	1
and02_nested_mignotte_d260_b140	1	260	b2b99a0c64c2d6b343293b7883ebb2acba9d20a3f85866bd98238cfa6e73f25a	88c59641f549c507	f337c147	12	0	0	OK	12	0	0	0	1	12	1		4.887	1
and02_nested_mignotte_d364_b140	1	364	dc2c59db69655180a3606951235dde1b327749ba6ae76baf5671783647681cfd	88c59641f549c507	f337c147	12	0	0	OK	12	0	0	0	1	12	1		15.917	1
and02_nested_mignotte_d516_b140	1	516	a81b548876a460fef655a1962a15f16d8ce4601790c81de78c64a96a6548088f	88c59641f549c507	f337c147	12	0	0	OK	12	0	0	0	1	12	1		44.443	1
and02_nested_mignotte_d724_b140	1	724	b0333821935580d0c45a34cace0e5046fc20f787b39c930fc59f7f9295253499	88c59641f549c507	f337c147	12	0	0	OK	12	0	0	0	1	12	1		115.271	1
and03_chebyshev_T_d1024_b2599	1	1024	ca9476f8eeac370196b04ae303a43b7d1d3909b655d11f49e07513922526231d	88c59641f549c507	f337c147	512	512	0	OK	512	512	0	0	2	1024	1		359.112	1
and03_chebyshev_T_d128_b321	1	128	771b5e8e0cb70e86c2496c072e6213103bf5ff1622e49429365d8f64135a8636	88c59641f549c507	f337c147	64	64	0	OK	64	64	0	0	2	128	1		0.143	1
and03_chebyshev_T_d1448_b3677	1	1448	17f035ac9746f3105dbc3353cf403a712840664acd4f5b6a1e76643bec855485	88c59641f549c507	f337c147	724	724	0	UNCHECKED	-	-	-	-	-	1448	-	over budget (e_ALARM)	894.273	1
and03_chebyshev_T_d181_b456	1	181	cc775df73283495cbc681e3dcba91a1aab30c452419f1a9b15eb06cbad606f00	88c59641f549c507	f337c147	90	90	1	OK	90	90	1	1	2	181	1		0.265	1
and03_chebyshev_T_d2048_b5202	1	2048	02618f30d3df76b9a5eead4879f1ce70f268f7177a7e2343024522ade0a8753d	88c59641f549c507	f337c147	1024	1024	0	UNCHECKED	-	-	-	-	-	2048	-	over budget (e_ALARM)	894.032	1
and03_chebyshev_T_d256_b646	1	256	4a02f8a856e1c9f897de23f3069801ff84eecca64ba429254b8b4b9a0c4db224	88c59641f549c507	f337c147	128	128	0	OK	128	128	0	0	2	256	1		1.25	1
and03_chebyshev_T_d362_b916	1	362	89a433b0d837d1850a57c1113f8ccca2bc46dad252a165896f535345e0a5c2af	88c59641f549c507	f337c147	181	181	0	OK	181	181	0	0	2	362	1		4.374	1
and03_chebyshev_T_d512_b1297	1	512	6b0bb2dc4e8f82d8391666fa622c12cb46f8609fe864d326f92df38bdfb5675d	88c59641f549c507	f337c147	256	256	0	OK	256	256	0	0	2	512	1		17.362	1
and03_chebyshev_T_d724_b1836	1	724	40d191d9f78b5a2bb7126924b0560ae2c1b3cfe4b0ebc73c79c8fd13beba044e	88c59641f549c507	f337c147	362	362	0	OK	362	362	0	0	2	724	1		71.405	1
and04_chebyshev_U_d1024_b2599	1	1024	f7b5ba9aa0e2429cbf96bc72f26d4d8bc710dfa4f5b2906ce5d9f2299e684711	88c59641f549c507	f337c147	512	512	0	OK	512	512	0	0	2	1024	1		300.223	1
and04_chebyshev_U_d128_b322	1	128	69646706256c6f772540df8613afda7c00e64f6518148f1b56ab0e27631abb1f	88c59641f549c507	f337c147	64	64	0	OK	64	64	0	0	2	128	1		0.152	1
and04_chebyshev_U_d1448_b3677	1	1448	1e871f6c86ab21023ad68dc6f5b1f39143bf0c1030e3885df5155bf97db13820	88c59641f549c507	f337c147	724	724	0	UNCHECKED	-	-	-	-	-	1448	-	over budget (e_ALARM)	895.284	1
and04_chebyshev_U_d181_b457	1	181	c1e9a7495797c196e109e64a6c66446eaf8ef1cd02ff04058324e1e2ed1ac83a	88c59641f549c507	f337c147	90	90	1	OK	90	90	1	1	2	181	1		0.357	1
and04_chebyshev_U_d2048_b5203	1	2048	d4bff448de62b969f297f4e8819790ea771080fe2c1471c2cf05de5b8b252be7	88c59641f549c507	f337c147	1024	1024	0	UNCHECKED	-	-	-	-	-	2048	-	over budget (e_ALARM)	893.62	1
and04_chebyshev_U_d256_b647	1	256	3afc4c681f9d1c59031dbb9c52f4b3bc793a3f2aea58bee5e2b25a83792f2c64	88c59641f549c507	f337c147	128	128	0	OK	128	128	0	0	2	256	1		1.436	1
and04_chebyshev_U_d362_b917	1	362	e16dade41cac86d05b503133d25eb165419f0a05a8963438271c00bbfab81a37	88c59641f549c507	f337c147	181	181	0	OK	181	181	0	0	2	362	1		5.33	1
and04_chebyshev_U_d512_b1298	1	512	d5b8867a70a6444a90dce9f5e5ab2ac47bcc6fa122eac6dce3b7a37c34a87094	88c59641f549c507	f337c147	256	256	0	OK	256	256	0	0	2	512	1		17.244	1
and04_chebyshev_U_d724_b1837	1	724	0534ee05173f618f2d88b010b943c79f86c7a47d4c9c0e53fc42815addf84c6e	88c59641f549c507	f337c147	362	362	0	OK	362	362	0	0	2	724	1		73.503	1
and05_gauss_sqrtn_d1024_b1027	1	1024	8cc6defdc7740d86518c205924658b34f457c0c95efbd13bf67ce04466e6a4f1	88c59641f549c507	f337c147	7	3	0	UNCHECKED	-	-	-	-	-	10	-	over budget (e_ALARM)	884.779	1
and05_gauss_sqrtn_d128_b1026	1	128	e4d32cf8a5904f38842fb2794b540300706015aa0152a7db41e4b3e5a302633b	88c59641f549c507	f337c147	8	4	0	OK	8	4	0	0	1	12	1		6.375	1
and05_gauss_sqrtn_d16_b1025	1	16	60f5c00a1226fe73c0f46c751563ba9ea717b5e772cba029fcf4fde8f581b02c	88c59641f549c507	f337c147	2	2	0	OK	2	2	0	0	1	4	1		0.006	1
and05_gauss_sqrtn_d180_b1026	1	180	50e047984d7763a1fb6f6346ad0de1dcaa9cba3902d2aa907b2eb5da79404e79	88c59641f549c507	f337c147	8	8	0	OK	8	8	0	0	1	16	1		35.175	1
and05_gauss_sqrtn_d22_b1024	1	22	f9355ca4cfefaa6dc8771928a8d7a14d28661152d6972bf40780758a240deda9	88c59641f549c507	f337c147	0	6	0	OK	0	6	0	0	1	6	1		0.033	1
and05_gauss_sqrtn_d256_b1025	1	256	ad880bda3c7f8dc61ff8a401345ba7921428f895a7d30c789e2723d953aa5f2d	88c59641f549c507	f337c147	8	8	0	OK	8	8	0	0	1	16	1		83.922	1
and05_gauss_sqrtn_d32_b1026	1	32	2577e62412e365c7b2fb820a0607f7dde21f3a6e4a3785b1956a8e4101f3eedd	88c59641f549c507	f337c147	4	4	0	OK	4	4	0	0	1	8	1		0.069	1
and05_gauss_sqrtn_d362_b1025	1	362	24553aeb564736e17383f02b468c63b72dd8554bb94ecb901bb386dfe04d099a	88c59641f549c507	f337c147	9	5	0	OK	9	5	0	0	1	14	1		170.469	1
and05_gauss_sqrtn_d44_b1025	1	44	59028ea88edf9a1a413db8defb7713e5da2a53befa291a68dde005eb07a0a49d	88c59641f549c507	f337c147	2	6	0	OK	2	6	0	0	1	8	1		0.305	1
and05_gauss_sqrtn_d512_b1026	1	512	b2f6d53efc41391dc22de36253e702832f7ef104a3cd69297c0eb979b7bffd81	88c59641f549c507	f337c147	9	9	0	OK	9	9	0	0	1	18	1		460.966	1
and05_gauss_sqrtn_d64_b1025	1	64	6b9ff45b583ae271a7968a41fc7641cd7987403a70c92ce76aa5f6430294b5b0	88c59641f549c507	f337c147	6	10	0	OK	6	10	0	0	1	16	1		0.976	1
and05_gauss_sqrtn_d724_b1026	1	724	b04c7287f1f00feb887cb722b2f4b6d9367bb5aaf414e5467338fe595b1be612	88c59641f549c507	f337c147	11	9	0	UNCHECKED	-	-	-	-	-	20	-	over budget (e_ALARM)	869.711	1
and05_gauss_sqrtn_d90_b1026	1	90	a57804113d8277b79c3a3ac1fb152a3135a18c6a62309bd3e97c52e91aea704f	88c59641f549c507	f337c147	2	4	0	OK	2	4	0	0	1	6	1		2.017	1
and06_gauss_logn_d1024_b1029	1	1024	c0e9f42ee15b345674c50a42394aecdeca18446d9e56c69be91eeebf408af03d	88c59641f549c507	1c3cd07a	6	2	0	UNCHECKED	-	-	-	-	-	8	-	e_ALARM	890.835	1
and06_gauss_logn_d128_b1027	1	128	3e7ee39a1f502af79cd66b27bf195dff41ac79bf9ef738b069fe756b8ab7d8de	88c59641f549c507	f337c147	6	2	0	OK	6	2	0	0	1	8	1		13.284	1
and06_gauss_logn_d16_b1025	1	16	bbbd66fb7ee774422a0aaf0f1b9cf4a1f33bd0cc39511b4aebb58a4bb5e4b012	88c59641f549c507	f337c147	4	4	0	OK	4	4	0	0	1	8	1		0.017	1
and06_gauss_logn_d180_b1028	1	180	1764a9faa66cca5513c83dbe8a35973a59d504749b0c39eee15af50ad25abd13	88c59641f549c507	f337c147	4	4	0	OK	4	4	0	0	1	8	1		40.389	1
and06_gauss_logn_d22_b1026	1	22	e27676ae09f639994d8be332e346d87f53feb7c7ca2e5a0c963afe533e8acc29	88c59641f549c507	f337c147	4	2	0	OK	4	2	0	0	1	6	1		0.036	1
and06_gauss_logn_d256_b1028	1	256	be448b25218ee487f86959bce6b70fa82faae6be6b1c4487cd7ed2b38afcf3ec	88c59641f549c507	f337c147	2	2	0	OK	2	2	0	0	1	4	1		94.841	1
and06_gauss_logn_d32_b1027	1	32	d973a26915bff81c0dab706d2ea85fec53305fcec179bac72af4b0c2e3ef751d	88c59641f549c507	f337c147	2	2	0	OK	2	2	0	0	1	4	1		0.095	1
and06_gauss_logn_d362_b1028	1	362	7bcf11652989e0b52d493c31bd781242d8970cc5db7d1b33fb49ab0b8d293c64	88c59641f549c507	f337c147	6	4	0	OK	6	4	0	0	1	10	1		506.071	1
and06_gauss_logn_d44_b1027	1	44	78d2f09f5bff3276b32d1eaaa0d9bc45af9702a8c4c86fbae36fe53e134b2714	88c59641f549c507	f337c147	2	2	0	OK	2	2	0	0	1	4	1		0.266	1
and06_gauss_logn_d512_b1029	1	512	e53593db271a8864c4a19a7b6d8882763feea2495ca927d92419322b0a29e531	88c59641f549c507	f337c147	2	6	0	UNCHECKED	-	-	-	-	-	8	-	over budget (e_ALARM)	831.863	1
and06_gauss_logn_d64_b1027	1	64	8ec76597eb053bd7a9619ce8ae0d80d47875b1b0590374268a1ff33089834fbc	88c59641f549c507	f337c147	2	2	0	OK	2	2	0	0	1	4	1		0.944	1
and06_gauss_logn_d724_b1029	1	724	8bd744c7e87d65cc8ae75b9317562b13c34732cd22efec1d3765b8946327e1b9	88c59641f549c507	f337c147	6	6	0	UNCHECKED	-	-	-	-	-	12	-	over budget (e_ALARM)	879.11	1
and06_gauss_logn_d90_b1027	1	90	6ca196ec617b537739e29fc9ff64139e09e40cd9f3464a15d6ab88161ec6f397	88c59641f549c507	f337c147	2	8	0	OK	2	8	0	0	1	10	1		4.64	1
and07_hermite_d1024_b9875	1	1024	c795869b37a95c62c62077124665090d198b4304766d8d3e52d5ed1021b82aa9	88c59641f549c507	f337c147	512	512	0	OK	512	512	0	0	2	1024	1		534.189	1
and07_hermite_d128_b869	1	128	49083a21f4c66964da559a89fad53d1d3732f2c2034375b779ffc90d1cc46f25	88c59641f549c507	f337c147	64	64	0	OK	64	64	0	0	2	128	1		0.191	1
and07_hermite_d1448_b14668	1	1448	687a1ecbc271e21207968421846a05f056a67219614dcd004a1dd5b3cf12a04b	88c59641f549c507	f337c147	724	724	0	UNCHECKED	-	-	-	-	-	1448	-	over budget (e_ALARM)	897.252	1
and07_hermite_d181_b1313	1	181	e84c02cd09c56a5a0fce4ed4811f38dd3f0bef310a86ca7f5492a0161732f34c	88c59641f549c507	f337c147	90	90	1	OK	90	90	1	1	2	181	1		0.247	1
and07_hermite_d2048_b21748	1	2048	49b6ce0cb2c45a1f7a86379ba972a56676bc63e8cc991d541a36c53ded9c4d9f	88c59641f549c507	f337c147	1024	1024	0	UNCHECKED	-	-	-	-	-	2048	-	over budget (e_ALARM)	896.983	1
and07_hermite_d256_b1977	1	256	f62f88e0211ca684f827603eedc70b701fb22072a644882700e015739c789e4c	88c59641f549c507	f337c147	128	128	0	OK	128	128	0	0	2	256	1		1.986	1
and07_hermite_d362_b2968	1	362	0ec73cfc919df617c6a4bf4bac818902da59687de58b7b7d4653d64ff730ae65	88c59641f549c507	f337c147	181	181	0	OK	181	181	0	0	2	362	1		6.977	1
and07_hermite_d512_b4443	1	512	8712b569febd1eda49dbed5bc1c7a28d7b0ff60950abcb2e4c56b31e32da3cd6	88c59641f549c507	f337c147	256	256	0	OK	256	256	0	0	2	512	1		29.575	1
and07_hermite_d724_b6631	1	724	1f6d0190fc9865e4749d372801bfd002fe0f9f629485d3a5e8674621a6de1ec3	88c59641f549c507	f337c147	362	362	0	OK	362	362	0	0	2	724	1		120.084	1
and08_laguerre_d1024_b8854	1	1024	e22f103989bc0d8e3e064f6634049d19e2400f3df876ad97d249f59d1352d210	88c59641f549c507	f337c147	1024	0	0	OK	1024	0	0	0	1	1024	1		195.77	1
and08_laguerre_d128_b743	1	128	26a6cffddde4ddf3eb793672ed09ad77b59f49a43cc9158f87dc6fe2f620533e	88c59641f549c507	f337c147	128	0	0	OK	128	0	0	0	1	128	1		0.166	1
and08_laguerre_d1448_b13223	1	1448	be0ba11ec7cef41afb2f0aff69b1d4e15b3801d0edacb7e12b1c4497e0715dac	88c59641f549c507	f337c147	1448	0	0	OK	1448	0	0	0	1	1448	1		834.206	1
and08_laguerre_d181_b1134	1	181	99817f28d78714d0c6104866b0ef3f9c4fb5beccebb7c78d8c5a3345a63310c4	88c59641f549c507	f337c147	181	0	0	OK	181	0	0	0	1	181	1		0.345	1
and08_laguerre_d256_b1723	1	256	2d1bf663346342d0ee66d09078690c1039d3e8f9a86be24d24499a5d8927e4d4	88c59641f549c507	f337c147	256	0	0	OK	256	0	0	0	1	256	1		1.249	1
and08_laguerre_d362_b2608	1	362	5a28097b0c2b97e169ead8352294d2e6a2f75d0091e1cf10f0a63564097556b0	88c59641f549c507	f337c147	362	0	0	OK	362	0	0	0	1	362	1		3.255	1
and08_laguerre_d512_b3933	1	512	e92b3c4eba02c7c584e87116bf791f4dd177ee2371cd510846b288026a9d7a5e	88c59641f549c507	f337c147	512	0	0	OK	512	0	0	0	1	512	1		13.159	1
and08_laguerre_d724_b5910	1	724	a0dece993f453d843fa1e51b60bcbb63ce1ce8c75f9987df7fd06974c4be3850	88c59641f549c507	f337c147	724	0	0	OK	724	0	0	0	1	724	1		41.944	1
and09_legendre_d1024_b4640	1	1024	4d3858c497be05ed367e9e67814cbf14792890bc8718a19dc938fe6c74b328a6	88c59641f549c507	f337c147	512	512	0	OK	512	512	0	0	2	1024	1		645.813	1
and09_legendre_d128_b572	1	128	13be6464d760e3458bd32b3a4d4813737d902c7afe9874b80461203193ed61d2	88c59641f549c507	f337c147	64	64	0	OK	64	64	0	0	2	128	1		0.23	1
and09_legendre_d1448_b6562	1	1448	a32e91eb1a743d7916c45d05708b9c5bbc5eecebdde3d27ec39a76923ca4d16c	88c59641f549c507	f337c147	724	724	0	UNCHECKED	-	-	-	-	-	1448	-	over budget (e_ALARM)	892.932	1
and09_legendre_d181_b809	1	181	02c6473ea246c19f645cc94aef00709a8f1cff2d24e42a117f260227eafc3c9f	88c59641f549c507	f337c147	90	90	1	OK	90	90	1	1	2	181	1		0.498	1
and09_legendre_d2048_b9291	1	2048	508428f848ec1f8c75abaaaa3401f92c8bb71767950a2a8f593cce32b97f5f99	88c59641f549c507	f337c147	1024	1024	0	UNCHECKED	-	-	-	-	-	2048	-	over budget (e_ALARM)	889.986	1
and09_legendre_d256_b1153	1	256	6011aadc611dcd2983355bec2db8f9c26dc053b09518c7fba3458e8b01e016bf	88c59641f549c507	f337c147	128	128	0	OK	128	128	0	0	2	256	1		2.298	1
and09_legendre_d362_b1630	1	362	f451399f504e9109e88122c850311a29f7c01bb7ec53d4f687ced734a3631edd	88c59641f549c507	f337c147	181	181	0	OK	181	181	0	0	2	362	1		7.72	1
and09_legendre_d512_b2315	1	512	a0bfa49a893113a6d6e402e7b5c2c5ff9fdbd63f83924fee26d713a06af53224	88c59641f549c507	f337c147	256	256	0	OK	256	256	0	0	2	512	1		33.623	1
and09_legendre_d724_b3274	1	724	322d612dab46e503a74e014cd578a044044eaed2efcbacb3ceec4d325f23970c	88c59641f549c507	f337c147	362	362	0	OK	362	362	0	0	2	724	1		132.963	1
and10_mignotte_rat_d129_b10	1	129	158991e6b251d46ecbf5f8352eedc7f6380959b097466018327ab54c64bdff5a	88c59641f549c507	f337c147	3	0	0	OK	3	0	0	0	1	3	1		0.002	1
and10_mignotte_rat_d129_b1024	1	129	9d2fc73dd70013d0d8e9391b91d5ff4e5617eccffbeac5bf286e0dc83c713e97	88c59641f549c507	f337c147	3	0	0	OK	3	0	0	0	1	3	1		1.081	1
and10_mignotte_rat_d129_b128	1	129	f6c7f8fc2a163aa9da776ac78b2a8058a09f4b62ccd7990012920405daca8e35	88c59641f549c507	f337c147	3	0	0	OK	3	0	0	0	1	3	1		0.06	1
and10_mignotte_rat_d129_b1448	1	129	14e04217c8a5ae855b73c5467430782eb3f9dede4e10e7690e067fbdacb32f7b	88c59641f549c507	f337c147	3	0	0	OK	3	0	0	0	1	3	1		1.784	1
and10_mignotte_rat_d129_b16	1	129	57a50fa8907a98149d289dff72c2a7e1171d6e483867297fcac2d2c5d31c90dc	88c59641f549c507	f337c147	3	0	0	OK	3	0	0	0	1	3	1		0.004	1
and10_mignotte_rat_d129_b180	1	129	c89d696b382978da06105041b2a3787ef44e6f9ff2ec69c25d725351f2c296d8	88c59641f549c507	f337c147	3	0	0	OK	3	0	0	0	1	3	1		0.109	1
and10_mignotte_rat_d129_b2048	1	129	f783573816a562d36c60b40955cf12259da1ff7bfbd4a1c45c0ea91e8eadc894	88c59641f549c507	f337c147	3	0	0	OK	3	0	0	0	1	3	1		2.792	1
and10_mignotte_rat_d129_b22	1	129	85821564b49a975ed02b6d871d42799ed3ed023c10efe50c2f613cd4028f740b	88c59641f549c507	f337c147	3	0	0	OK	3	0	0	0	1	3	1		0.004	1
and10_mignotte_rat_d129_b256	1	129	69c0a826a20e1b1a0a2c860d6558b4729e173202247f3eed72e77197146afedb	88c59641f549c507	f337c147	3	0	0	OK	3	0	0	0	1	3	1		0.151	1
and10_mignotte_rat_d129_b2896	1	129	ce4f1c5048489dc29b1352b5e91892a30ad089937e72a0670206343ac3ddc893	88c59641f549c507	f337c147	3	0	0	OK	3	0	0	0	1	3	1		4.347	1
and10_mignotte_rat_d129_b32	1	129	59310dd6a0935b3d3f863e5fa72a48f40e4222f3d378e34c29ddac852bf1274d	88c59641f549c507	f337c147	3	0	0	OK	3	0	0	0	1	3	1		0.01	1
and10_mignotte_rat_d129_b362	1	129	b107a96834221462cc5e5da2979ddd22f28f2f593f9cf5e8aac150b4d318b556	88c59641f549c507	f337c147	3	0	0	OK	3	0	0	0	1	3	1		0.251	1
and10_mignotte_rat_d129_b4096	1	129	d7b4e450b85dbc7a7b6557265271665cf6a430ceaa4ede979ff2b5fa0a0b0c9d	88c59641f549c507	1c3cd07a	3	0	0	OK	3	0	0	0	1	3	1		4.349	1
and10_mignotte_rat_d129_b44	1	129	e486a5c96bf618a60eee1a31635f963b907645d5aa4de5b2014201565ca5c9d4	88c59641f549c507	f337c147	3	0	0	OK	3	0	0	0	1	3	1		0.015	1
and10_mignotte_rat_d129_b512	1	129	8705ea340e958ff6ea18da463647375b5e1ee36d1b207e7811cec6398b0a4cd4	88c59641f549c507	f337c147	3	0	0	OK	3	0	0	0	1	3	1		0.42	1
and10_mignotte_rat_d129_b5792	1	129	ac891cc1cdd93976506513bf647f87260f8b1a02aabcd2b9b592ebeb89f15cc3	88c59641f549c507	1c3cd07a	3	0	0	OK	3	0	0	0	1	3	1		5.806	1
and10_mignotte_rat_d129_b64	1	129	0400898a4496e1498e75b24cf2ea63ec3e12cd897ab4628f37b16f729fb0986d	88c59641f549c507	f337c147	3	0	0	OK	3	0	0	0	1	3	1		0.029	1
and10_mignotte_rat_d129_b724	1	129	00b5a924f232d0d1adb621a8628641b7717a7ba7f439260c35e7b25aa483e54e	88c59641f549c507	f337c147	3	0	0	OK	3	0	0	0	1	3	1		0.668	1
and10_mignotte_rat_d129_b90	1	129	a4d5bf9d45258a997674722a68dacbf9565c1722c7d5542d054ef1c8e61cb1ab	88c59641f549c507	f337c147	3	0	0	OK	3	0	0	0	1	3	1		0.039	1
and11_mignotte_rat_d129_b14	1	129	45fb16ed786bcd6e0092ddbffbd1d811535115c482f9a9093c21f1a5bf20862b	88c59641f549c507	f337c147	3	0	0	OK	3	0	0	0	1	3	1		0.002	1
and11_mignotte_rat_d181_b14	1	181	0c6f72fb8c5efe8da66fa90daf558f34eb6806007cf238d4cd97e6a602122e4d	88c59641f549c507	f337c147	3	0	0	OK	3	0	0	0	1	3	1		0.006	1
and11_mignotte_rat_d257_b14	1	257	83e2181ed6195beb2f4d55ee5a4048a64ead95ac7be1eabcb98630ed24c84510	88c59641f549c507	f337c147	3	0	0	OK	3	0	0	0	1	3	1		0.017	1
and11_mignotte_rat_d363_b14	1	363	91f05291819a005a99481742f10a6ef8a04815dd3220509203ffd06ac0c01c32	88c59641f549c507	f337c147	3	0	0	OK	3	0	0	0	1	3	1		0.032	1
and11_mignotte_rat_d513_b14	1	513	d04feec5a82da53348b689492b1b61a4eb72aafb183233960620cc1119e05ed9	88c59641f549c507	f337c147	3	0	0	OK	3	0	0	0	1	3	1		0.084	1
and11_mignotte_rat_d725_b14	1	725	3bb6fe0b69ff7dafbd5833cc6dae97b5feccc801564bca3e9b6e6992d1987534	88c59641f549c507	f337c147	3	0	0	OK	3	0	0	0	1	3	1		0.234	1
and12_mignotte_irr_d129_b10	1	129	7bb222af1f8416d33afb8bcad5c5beca7703d04b3925df8e4b11e23530e84fa5	88c59641f549c507	f337c147	3	0	0	OK	3	0	0	0	1	3	1		0.001	1
and12_mignotte_irr_d129_b1024	1	129	3024107fe8f3394f006d22832416824231381a30e05295be706566f454712e76	88c59641f549c507	f337c147	3	0	0	OK	3	0	0	0	1	3	1		0.594	1
and12_mignotte_irr_d129_b11584	1	129	ab6b82cbbc5e655ad5751b08731d2bb73cc609823c136b05abaec08062d31c7a	88c59641f549c507	abe292cd	3	0	0	OK	3	0	0	0	1	3	1		11.571	0
and12_mignotte_irr_d129_b128	1	129	78ff5fcf3afc8b1ce420252e4963290770492b419ec939dca612ae74fc972716	88c59641f549c507	f337c147	3	0	0	OK	3	0	0	0	1	3	1		0.034	1
and12_mignotte_irr_d129_b1448	1	129	2cd57d089429ab17b01b89437f780a4324baeda4a6650349f04918ddcd96a38f	88c59641f549c507	f337c147	3	0	0	OK	3	0	0	0	1	3	1		0.861	1
and12_mignotte_irr_d129_b16	1	129	e8e18db92be343a7c6c6f6c0a013783d1d8eb7b7e9dd24f42c1ac6f589becff1	88c59641f549c507	f337c147	3	0	0	OK	3	0	0	0	1	3	1		0.001	1
and12_mignotte_irr_d129_b180	1	129	9982ba9a87ff492c4e5791db3a46805610c33ca37426dc3f3ba99100de0f666d	88c59641f549c507	f337c147	3	0	0	OK	3	0	0	0	1	3	1		0.051	1
and12_mignotte_irr_d129_b2048	1	129	1aa102f1996c27f2ec50b2398361741d5eee7c228a46cf8076967637355936ba	88c59641f549c507	f337c147	3	0	0	OK	3	0	0	0	1	3	1		1.316	1
and12_mignotte_irr_d129_b22	1	129	4ced2b673e266bb6b0306f57b21f5a9f78dc745e93311d8d5e0eeb505485b77c	88c59641f549c507	f337c147	3	0	0	OK	3	0	0	0	1	3	1		0.003	1
and12_mignotte_irr_d129_b256	1	129	1ccc143ee4a8a1a877ce726b31ed235bbbd008f99669bb8d7453b6c953cece7c	88c59641f549c507	f337c147	3	0	0	OK	3	0	0	0	1	3	1		0.088	1
and12_mignotte_irr_d129_b2896	1	129	832f999c86a496916b929ab3f8a242642a8cb0e34ff9b16d83c33bc76e89e57a	88c59641f549c507	f337c147	3	0	0	OK	3	0	0	0	1	3	1		2.027	1
and12_mignotte_irr_d129_b32	1	129	9c31152f02d4eab89ccaf03226a1d7ac2de32e46f2818de2bff850a121059e95	88c59641f549c507	f337c147	3	0	0	OK	3	0	0	0	1	3	1		0.005	1
and12_mignotte_irr_d129_b362	1	129	0998525fd6b0e93b2ad2760d678d0790ebcade9da601e75f7795337330bc9185	88c59641f549c507	f337c147	3	0	0	OK	3	0	0	0	1	3	1		0.127	1
and12_mignotte_irr_d129_b4096	1	129	d9dff8a0e73d421f13aeece6f65543c89201edf43ebed55d641835d705cc9670	88c59641f549c507	f337c147	3	0	0	OK	3	0	0	0	1	3	1		3.56	1
and12_mignotte_irr_d129_b44	1	129	f00d67ced2eae02718d6e747a706bd0fa6a5aa211fe9a049ceb8015819cd1c1e	88c59641f549c507	f337c147	3	0	0	OK	3	0	0	0	1	3	1		0.006	1
and12_mignotte_irr_d129_b512	1	129	32e7042f0895332547e0ed00f0d47725f259b8a37d71a94b8fa4161db182f71d	88c59641f549c507	f337c147	3	0	0	OK	3	0	0	0	1	3	1		0.214	1
and12_mignotte_irr_d129_b5792	1	129	1e6380cf5dc4e00fc0eec3221f2e477b598c10ed484cebc5c8bfeba31ae2cac9	88c59641f549c507	f337c147	3	0	0	OK	3	0	0	0	1	3	1		5.5	1
and12_mignotte_irr_d129_b64	1	129	58e5fac6e504689d642be6b71355cbd6b0f21677637344f3b6653a4402a78a39	88c59641f549c507	f337c147	3	0	0	OK	3	0	0	0	1	3	1		0.01	1
and12_mignotte_irr_d129_b724	1	129	4febe734b20edd094c1c5c5ea7f6006ff6aada7f1a829053ee25fcfbea4f2941	88c59641f549c507	f337c147	3	0	0	OK	3	0	0	0	1	3	1		0.351	1
and12_mignotte_irr_d129_b8192	1	129	a0d15fb621e06920b047875111c383b3e1bee0c87ec136893f07c0f3c0512cfd	88c59641f549c507	1c3cd07a	3	0	0	OK	3	0	0	0	1	3	1		5.169	1
and12_mignotte_irr_d129_b90	1	129	b59cbf988105dcd27e03223e36ad4d83e4ce450e1cb6c830259f7bf93516b384	88c59641f549c507	f337c147	3	0	0	OK	3	0	0	0	1	3	1		0.02	1
and13_mignotte_irr_d129_b14	1	129	1042472efc67b5d96ee1fc5cbf81f83c33e5f808a9adc7178402ceffabfb4b66	88c59641f549c507	f337c147	3	0	0	OK	3	0	0	0	1	3	1		0.001	1
and13_mignotte_irr_d181_b14	1	181	89c9cccb9eec4b248a19d12918ad740a6c3114e2f37acefac99b9c90e9e15cfa	88c59641f549c507	f337c147	3	0	0	OK	3	0	0	0	1	3	1		0.003	1
and13_mignotte_irr_d257_b14	1	257	4916aa7e28a913443496eb6149d12ceef6a9af3a4a0838d959822943e7a0f715	88c59641f549c507	f337c147	3	0	0	OK	3	0	0	0	1	3	1		0.008	1
and13_mignotte_irr_d363_b14	1	363	baa8e59e7957feb73932dab9697bc1337e066285284a9f8644b5232e855d8dc8	88c59641f549c507	f337c147	3	0	0	OK	3	0	0	0	1	3	1		0.018	1
and13_mignotte_irr_d513_b14	1	513	05a9dd0b44c7661f65d2630aa6528b26e767bfdeeefa3d9520b4aa9ee8b4a1dc	88c59641f549c507	f337c147	3	0	0	OK	3	0	0	0	1	3	1		0.041	1
and13_mignotte_irr_d725_b14	1	725	f92000672627f70d7bdfc4d5182339629a7b59edb414686166fe5746ba9cb0fa	88c59641f549c507	f337c147	3	0	0	OK	3	0	0	0	1	3	1		0.111	1
and14_resultant_d100_b2070	1	100	4ee6a491bb0ab9bd501492dcf88a62a939024696f8c3298e0118c86078b8653d	88c59641f549c507	7f15829b	4	6	0	OK	4	6	0	0	1	10	1		0.941	1
and14_resultant_d1024_b2216	1	1024	d5fd429924acc4e67aab0cffeff21e81134b90c0b2a7070f307f2228b11ff04d	88c59641f549c507	7f15829b	5	3	0	UNCHECKED	-	-	-	-	-	8	-	over budget (e_ALARM)	881.281	1
and14_resultant_d1156_b2221	1	1156	88a7b062b015f48c50a35f00636f9c6a83fd7c80910690de9e3ebb222132f7ee	88c59641f549c507	7f15829b	6	6	0	UNCHECKED	-	-	-	-	-	12	-	over budget (e_ALARM)	880.727	1
and14_resultant_d1296_b2228	1	1296	6d2ed952b8ecf75892c5f089cd9df296ddc81b31824f54e25d84a12c613a3189	88c59641f549c507	7f15829b	9	11	0	UNCHECKED	-	-	-	-	-	20	-	over budget (e_ALARM)	883.082	1
and14_resultant_d1444_b2205	1	1444	a1e9fa8912a2fb262c2a7f140fa75549d6caafb5aed5e5c93c4665b896725bf1	88c59641f549c507	7f15829b	7	5	0	UNCHECKED	-	-	-	-	-	12	-	over budget (e_ALARM)	873.843	1
and14_resultant_d144_b2076	1	144	cd99b3c23d0126e4934cdbacac7b28162a4925595f57191755a1772cc47d4be6	88c59641f549c507	7f15829b	3	1	0	OK	3	1	0	0	1	4	1		4.514	1
and14_resultant_d1600_b2243	1	1600	0483cd8a79ca7f69312c535b0c79e0e58c9986a957c19462904b400deaae407d	88c59641f549c507	7f15829b	5	5	0	UNCHECKED	-	-	-	-	-	10	-	over budget (e_ALARM)	877.361	1
and14_resultant_d196_b2094	1	196	dd42f9c1f47b73c8f2dc4a48a80b7a1fcc41f0aa869bce9aa303dda5c1538af4	88c59641f549c507	7f15829b	2	4	0	OK	2	4	0	0	1	6	1		15.014	1
and14_resultant_d256_b2108	1	256	54e331ec7e6243bf0d554c36c831c69fc5c279e1d1d196dc1178d48d8b1c8535	88c59641f549c507	7f15829b	6	2	0	OK	6	2	0	0	1	8	1		45.582	1
and14_resultant_d324_b2086	1	324	8703d184f2455e357ff0e4c8ef08d798649b6eb5e3ea79d44a902a3ab0edd5b0	88c59641f549c507	7f15829b	3	3	0	OK	3	3	0	0	1	6	1		108.903	1
and14_resultant_d400_b2126	1	400	8456b02dfe8f0d30e38f7d4d69be380f4a8aa7f68fafecfac83b8a82b9289668	88c59641f549c507	7f15829b	4	2	0	OK	4	2	0	0	1	6	1		257.607	1
and14_resultant_d484_b2125	1	484	bd50bf7ed8ddd4dc5e8489ee5a4edf5ab26cb69468be07bf39a2d3286f407485	88c59641f549c507	7f15829b	4	4	0	OK	4	4	0	0	1	8	1		561.778	1
and14_resultant_d576_b2125	1	576	561051f83ac0f4b890efe0127f19ed72e3650bc63c31a3dc9ea48fa29139d498	88c59641f549c507	7f15829b	3	7	0	UNCHECKED	-	-	-	-	-	10	-	over budget (e_ALARM)	890.374	1
and14_resultant_d676_b2157	1	676	3ed4f681d13ff962f086b62bb78871a89670d92e9ff78761cf49c906556bd968	88c59641f549c507	7f15829b	7	5	0	UNCHECKED	-	-	-	-	-	12	-	over budget (e_ALARM)	887.93	1
and14_resultant_d784_b2160	1	784	2be4e36e3f79cc0db53675195b5d441f21c2dec9dce7ac10b8e692bd3e73d081	88c59641f549c507	7f15829b	7	3	0	UNCHECKED	-	-	-	-	-	10	-	over budget (e_ALARM)	889.173	1
and14_resultant_d900_b2195	1	900	cb740346c277b34170f6db727e5964af08adbfde5fe9476f5b89e576899466f1	88c59641f549c507	7f15829b	6	4	0	UNCHECKED	-	-	-	-	-	10	-	over budget (e_ALARM)	883.439	1
and15_random_dense_d1024_b1024	1	1024	f3adc25253f5b57b7e67fe3948e12aff1744f082861cefa0bc3d0c23d14dcf07	88c59641f549c507	f337c147	2	2	0	UNCHECKED	-	-	-	-	-	4	-	over budget (e_ALARM)	884.262	1
and15_random_dense_d128_b1024	1	128	e57019ab2a04f34bfcb44981820264653e050e54ccfeeea11ac7b1d1fa7be7b7	88c59641f549c507	f337c147	2	4	0	OK	2	4	0	0	1	6	1		15.973	1
and15_random_dense_d1448_b1024	1	1448	4adebccc6355853719742ff78a3d5815b797e2ba14b8e591e1e179f51c562398	88c59641f549c507	f337c147	2	2	0	UNCHECKED	-	-	-	-	-	4	-	over budget (e_ALARM)	881.795	1
and15_random_dense_d181_b1024	1	181	484b1f45bd72c8ebbb488d8f171a2a4284dd05a74b60165a81720f53671e8c7a	88c59641f549c507	f337c147	0	1	0	OK	0	1	0	0	1	1	1		54.411	1
and15_random_dense_d2048_b1024	1	2048	12cfc1fbfe55b051c43932d72b97a89775b7b451f6a7cada606c7bf5e6b603c2	88c59641f549c507	f337c147	5	1	0	UNCHECKED	-	-	-	-	-	6	-	over budget (e_ALARM)	881.829	1
and15_random_dense_d256_b1024	1	256	12d95f3534f3a4890ce2a3003b094c431852d8988c9314a08f97fb9a9c533d30	88c59641f549c507	f337c147	3	1	0	OK	3	1	0	0	1	4	1		141.639	1
and15_random_dense_d2896_b1024	1	2896	1524a227540d72493e73d2ba32b4c7ad20db31f73234f3b026566ec3a7d8e658	88c59641f549c507	f337c147	2	4	0	UNCHECKED	-	-	-	-	-	6	-	over budget (e_ALARM)	854.848	1
and15_random_dense_d362_b1024	1	362	0b2d47d5ee81d1059c7fe70fbc866f04fcd0c31f8a5efd605b77e04d8c31f69b	88c59641f549c507	f337c147	4	2	0	OK	4	2	0	0	1	6	1		496.086	1
and15_random_dense_d4096_b1024	1	4096	7474de0703dc83c533a679c39f14701587ea377bdd80193a3de4699445daab16	88c59641f549c507	f337c147	2	2	0	UNCHECKED	-	-	-	-	-	4	-	over budget (e_ALARM)	845.585	1
and15_random_dense_d512_b1024	1	512	ab434696788ada3f7cf253e9bef6ec08d6e3792b0311c20ac5a61854ec932bb2	88c59641f549c507	f337c147	4	2	0	UNCHECKED	-	-	-	-	-	6	-	over budget (e_ALARM)	888.505	1
and15_random_dense_d5792_b1024	1	5792	ca40a96742f17e7fe7b59461e85eba5be2b45d049accc900393505b63226da2a	88c59641f549c507	f337c147	2	2	0	UNCHECKED	-	-	-	-	-	4	-	over budget (e_ALARM)	883.022	1
and15_random_dense_d724_b1024	1	724	e288901f7157438e061a27b5cc7bb8a184a364d00bc8c6a83be3d9066f41a4c9	88c59641f549c507	f337c147	2	2	0	UNCHECKED	-	-	-	-	-	4	-	over budget (e_ALARM)	887.1	1
and15_random_dense_d8192_b1024	1	8192	0d012e16bd87cc7f8f67845d2590b9c4de9e32ca95f48110552e5a1b39536c64	88c59641f549c507	7f15829b	1	3	0	UNCHECKED	-	-	-	-	-	4	-	over budget (e_ALARM)	832.51	1
and16_random_monic_d1024_b1024	1	1024	e4f80eebed27a653f4a611a0611c734c0ac7b6c3175be75c159839b8c1b285c8	88c59641f549c507	7f15829b	3	5	0	UNCHECKED	-	-	-	-	-	-1	-	over budget (e_ALARM)	888.527	1
and16_random_monic_d128_b1024	1	128	f8ff49eb885d423a8224fbf7287b83bf56ee2ae960ea37a32c4cd250eacf87ca	88c59641f549c507	f337c147	2	4	0	OK	2	4	0	0	1	6	1		14.878	1
and16_random_monic_d181_b1024	1	181	6e4480fdab3bfd7f8cd55f6d5ecdeab68c9bb6802ade9e68f114606721a27bec	88c59641f549c507	7f15829b	2	5	0	OK	2	5	0	0	1	7	1		57.674	1
and16_random_monic_d256_b1024	1	256	cb5c691d21ed81a00823676c9e6cbc97286962e308495cb0d8d82add5c0647c7	88c59641f549c507	f337c147	5	1	0	OK	5	1	0	0	1	6	1		134.64	1
and16_random_monic_d362_b1024	1	362	3f3841513576ae1a3d9c30475976e1b28ad180ec8c6f3bc7a8844ef051452bfe	88c59641f549c507	7f15829b	4	4	0	OK	4	4	0	0	1	8	1		546.846	1
and16_random_monic_d512_b1024	1	512	d0211efdd7affd37a1e7522377b02ebea6f74dd943364166234cb642a5f601ae	88c59641f549c507	7f15829b	4	2	0	UNCHECKED	-	-	-	-	-	-1	-	over budget (e_ALARM)	894.861	1
and16_random_monic_d724_b1024	1	724	309377bdb56e20910a7dbf62a79849f40afc9c857c5a7fb105eb889c1784a58d	88c59641f549c507	7f15829b	1	3	0	UNCHECKED	-	-	-	-	-	-1	-	over budget (e_ALARM)	887.266	1
and17_random_monic_lt1_d1024_b1024	1	1024	37c7bf02eec9d025c95b7fccf1e5fe703fa1d3f35bd5d65605f547e37d46a9ea	88c59641f549c507	7f15829b	3	1	0	UNCHECKED	-	-	-	-	-	4	-	over budget (e_ALARM)	888.87	1
and17_random_monic_lt1_d128_b1024	1	128	f64580ad5818d56c93eae8358299c9469cea05d927308ab8c7ad014a07fdafca	88c59641f549c507	7f15829b	4	2	0	OK	4	2	0	0	1	6	1		18.419	1
and17_random_monic_lt1_d1448_b1024	1	1448	c9564a7ad85dd734e80f0db4540b24b181318b063a67d32ad82a4a425222e736	88c59641f549c507	7f15829b	0	4	0	UNCHECKED	-	-	-	-	-	-1	-	over budget (e_ALARM)	883.099	1
and17_random_monic_lt1_d181_b1024	1	181	cd9a7a2678e3b17d6c90b9845518e92604d24c539f16fa1431d8d096e1bcc2f6	88c59641f549c507	7f15829b	1	4	0	OK	1	4	0	0	1	5	1		59.688	1
and17_random_monic_lt1_d256_b1024	1	256	c7919e72eedb69f1b48f5d7f0fce082a1793c21181f5072842b0e917078c1abb	88c59641f549c507	7f15829b	2	4	0	OK	2	4	0	0	1	6	1		165.345	1
and17_random_monic_lt1_d362_b1024	1	362	7af3a4f2cf714d8f95fd7bc11d5ee6996187fa44ec05d8c249ff1b3e385af2a2	88c59641f549c507	7f15829b	4	4	0	OK	4	4	0	0	1	8	1		470.927	1
and17_random_monic_lt1_d512_b1024	1	512	4823aa8c8d9326c52a11700c8e4fe346d6d965c6b0695c16332c581921f8843e	88c59641f549c507	7f15829b	4	4	0	UNCHECKED	-	-	-	-	-	-1	-	over budget (e_ALARM)	888.18	1
and17_random_monic_lt1_d724_b1024	1	724	4e5d964f2ea8fc527daa91be2adda857e2f4f01a17e9fbb08059d1e83c0840cb	88c59641f549c507	7f15829b	1	3	0	UNCHECKED	-	-	-	-	-	4	-	over budget (e_ALARM)	883.67	1
and18_wilkinson_like_d1024_b10112	1	1024	567bbc4375decb72e5da0e1bdac150cf4689ed13ab15eb9a3038babd91222d29	88c59641f549c507	7f15829b	1024	0	0	UNCHECKED	-	-	-	-	-	1024	-	over budget (e_ALARM)	884.164	1
and18_wilkinson_like_d128_b888	1	128	1b59abe562db2d2038b79dc6f59adefbae83ebc6d84c3f2c9c020e5424b88626	88c59641f549c507	7f15829b	128	0	0	OK	128	0	0	0	1	128	1		0.764	1
and18_wilkinson_like_d1448_b14131	1	1448	ef55cabfa9389addcf3e908965208602f68304ab0d606a52755fca5b405bacf5	88c59641f549c507	7f15829b	1448	0	0	UNCHECKED	-	-	-	-	-	1448	-	over budget (e_ALARM)	871.566	1
and18_wilkinson_like_d181_b1248	1	181	27228e2e09e67c4db1577907223b0cf2e4c431a40d1776584beec22317276161	88c59641f549c507	7f15829b	181	0	0	OK	181	0	0	0	1	181	1		3.014	1
and18_wilkinson_like_d256_b2189	1	256	1644ac0161f03692ce506f50b79456df5b189ca597c68664fbf4a97bed373ad5	88c59641f549c507	7f15829b	256	0	0	OK	256	0	0	0	1	256	1		10.1	1
and18_wilkinson_like_d362_b2968	1	362	13c2e904c51c67947b9b021de61d820257bda9bc710ad8775985fe11b9ffef71	88c59641f549c507	7f15829b	362	0	0	OK	362	0	0	0	1	362	1		51.923	1
and18_wilkinson_like_d512_b4394	1	512	2e53b873422fda14121cf9a6fa4e5319244376a84a1d122c1ec0fd9192274bbe	88c59641f549c507	7f15829b	512	0	0	OK	512	0	0	0	1	512	1		169.972	1
and18_wilkinson_like_d724_b6763	1	724	4a78292120354b1a3ce2ab6119903bad9bae54ac95bc64a80209c0f996e0112c	88c59641f549c507	7f15829b	724	0	0	UNCHECKED	-	-	-	-	-	724	-	over budget (e_ALARM)	889.985	1
and19_wilkinson_d1024_b8777	1	1024	b52f62f2fd08cc4799ac1740ff4bec6c8e4975741ff678e14e2ad3d07b5135c1	88c59641f549c507	7f15829b	1024	0	0	OK	1024	0	0	0	1	1024	1		79.662	1
and19_wilkinson_d128_b721	1	128	1e140e3a80d08ea82ca670741f54fdd1d40c9fc6311ed01aa8bb9104651a221d	88c59641f549c507	7f15829b	128	0	0	OK	128	0	0	0	1	128	1		0.093	1
and19_wilkinson_d1448_b13130	1	1448	1fcff150132983ec9fae014ad1f16c3a8f4375f605af2451b05c5259a6931a0e	88c59641f549c507	7f15829b	1448	0	0	OK	1448	0	0	0	1	1448	1		306.196	1
and19_wilkinson_d181_b1107	1	181	49ef107be29591864c04e80ece5a04a558c614639bbf5c9f43109c11f9560055	88c59641f549c507	7f15829b	181	0	0	OK	181	0	0	0	1	181	1		0.213	1
and19_wilkinson_d256_b1690	1	256	6f4ea8dd6a738530eeec5296a97b14198e8a8b62d7ca16bad41b5039e140d0a5	88c59641f549c507	7f15829b	256	0	0	OK	256	0	0	0	1	256	1		0.676	1
and19_wilkinson_d362_b2567	1	362	01dcba360acff4c6f639d5245e492884d7a6dcf22794c0dfb0563646182a4a24	88c59641f549c507	7f15829b	362	0	0	OK	362	0	0	0	1	362	1		1.732	1
and19_wilkinson_d512_b3882	1	512	527171942ddbf5a33bf805a3816c7398e1025a935e01f712f02259e8d48e89f1	88c59641f549c507	7f15829b	512	0	0	OK	512	0	0	0	1	512	1		6.527	1
and19_wilkinson_d724_b5847	1	724	13dca457476c329cec7053249d25c53dc67561960aac9533126f75c84a5d8351	88c59641f549c507	7f15829b	724	0	0	OK	724	0	0	0	1	724	1		19.466	1
