instance	corpus	nA	ndistinct	max_deg	tot_deg	max_digits	top_multiplicity
AUFNIRA_nasa__cl5_nebula_norm_0017.fof.smt2	AUFNIRA/nasa	41	4	2	8	7	22
AUFNIRA_nasa__cl5_nebula_norm_0067.fof.smt2	AUFNIRA/nasa	10060	182	16	446	52	2096
NRA_20220222-cut-three-circles__cut-out-1.smt2	NRA/20220222-cut-three-circles	4	3	2	6	38	2
NRA_20220222-cut-three-circles__cut-out-2.smt2	NRA/20220222-cut-three-circles	49	17	2	34	38	6
QF_NIA_20170427-VeryMax__From_AProVE_2014__MainCopy.jar-obl-10__p10363_edge_closing_0.smt2	QF_NIA/20170427-VeryMax	146	40	2	80	9	27
QF_NIA_20170427-VeryMax__From_AProVE_2014__Test7.jar-obl-11__p12895_safety_0.smt2	QF_NIA/20170427-VeryMax	267	97	3	195	17	10
QF_NIA_20170427-VeryMax__From_AProVE_2014__Velroyen08-factorial.jar-obl-8__p13794_terminationG_0.smt2	QF_NIA/20170427-VeryMax	366	113	4	230	18	16
QF_NIA_20170427-VeryMax__From_AProVE_2014__juHashMapCreate.jar-obl-10__p5055_safety_0.smt2	QF_NIA/20170427-VeryMax	14168	684	4	1377	92	8910
QF_NIA_20170427-VeryMax__From_AProVE_2014__juHashMapCreateClear.jar-obl-11__p30137_safety_0.smt2	QF_NIA/20170427-VeryMax	128	47	2	94	18	10
QF_NIA_20170427-VeryMax__From_AProVE_2014__juHashMapCreateContainsKey.jar-obl-11__p30854_safety_0.smt2	QF_NIA/20170427-VeryMax	24	13	2	26	13	2
QF_NIA_20170427-VeryMax__From_AProVE_2014__juHashMapCreateContainsKey.jar-obl-11__p31075_safety_0.smt2	QF_NIA/20170427-VeryMax	573	211	3	424	87	10
QF_NIA_20170427-VeryMax__From_AProVE_2014__juHashMapCreateContainsKey.jar-obl-11__p31778_safety_0.smt2	QF_NIA/20170427-VeryMax	452	166	2	332	159	14
QF_NIA_20170427-VeryMax__From_AProVE_2014__juHashMapCreateContainsValue.jar-obl-11__p31970_safety_0.smt2	QF_NIA/20170427-VeryMax	20	6	2	12	11	6
QF_NIA_20170427-VeryMax__From_AProVE_2014__juHashMapCreateContainsValue.jar-obl-11__p32093_safety_0.smt2	QF_NIA/20170427-VeryMax	565	158	4	322	63	24
QF_NIA_20170427-VeryMax__From_AProVE_2014__juHashMapCreateIsEmpty.jar-obl-10__p1579_safety_0.smt2	QF_NIA/20170427-VeryMax	2586	809	4	1652	115	46
QF_NIA_20170427-VeryMax__From_AProVE_2014__juHashMapCreateIsEmpty.jar-obl-10__p1900_safety_0.smt2	QF_NIA/20170427-VeryMax	515	145	4	294	98	53
QF_NIA_20170427-VeryMax__From_AProVE_2014__juHashMapCreateIteratorEntryLoop.jar-obl-12__p3002_safety_0.smt2	QF_NIA/20170427-VeryMax	704	181	2	362	83	27
QF_NIA_20170427-VeryMax__From_AProVE_2014__juHashMapCreatePut.jar-obl-10__p5968_safety_0.smt2	QF_NIA/20170427-VeryMax	29	12	2	24	20	5
QF_NIA_20170427-VeryMax__From_AProVE_2014__juHashMapCreatePut.jar-obl-10__p6107_safety_0.smt2	QF_NIA/20170427-VeryMax	3505	1004	4	2028	202	109
QF_NIA_20170427-VeryMax__From_AProVE_2014__juHashMapCreateSize.jar-obl-10__p7163_safety_0.smt2	QF_NIA/20170427-VeryMax	2536	307	6	661	135	224
QF_NIA_20170427-VeryMax__From_AProVE_2014__juHashMapCreateSize.jar-obl-10__p7575_safety_0.smt2	QF_NIA/20170427-VeryMax	9005	2445	4	4964	203	186
QF_NIA_20170427-VeryMax__From_AProVE_2014__juLinkedListCreateAddAllAt.jar-obl-17__p8067_safety_0.smt2	QF_NIA/20170427-VeryMax	64	17	2	34	14	8
QF_NIA_20170427-VeryMax__From_AProVE_2014__juLinkedListCreateAddAllAt.jar-obl-17__p8387_safety_0.smt2	QF_NIA/20170427-VeryMax	5	2	2	4	7	3
QF_NIA_20170427-VeryMax__From_T2__afagp-fail.t2__p15460_terminationG_0.smt2	QF_NIA/20170427-VeryMax	327	54	3	111	11	35
QF_NIA_20170427-VeryMax__From_T2__compress.t2__p17866_terminationG_0.smt2	QF_NIA/20170427-VeryMax	881	197	4	401	48	156
QF_NIA_20170427-VeryMax__From_T2__consts3nt.t2_fixed__p18148_terminationG_0.smt2	QF_NIA/20170427-VeryMax	2	1	2	2	9	2
QF_NIA_20170427-VeryMax__From_T2__edn.t2__p20109_safety_0.smt2	QF_NIA/20170427-VeryMax	566	102	4	210	19	85
QF_NIA_20170427-VeryMax__From_T2__edn.t2__p20654_safety_0.smt2	QF_NIA/20170427-VeryMax	65833	1059	9	2384	106	43415
QF_NIA_20170427-VeryMax__From_T2__edn.t2__p20682_safety_0.smt2	QF_NIA/20170427-VeryMax	2072	536	6	1151	38	63
QF_NIA_20170427-VeryMax__From_T2__ex36.t2__p29288_safety_0.smt2	QF_NIA/20170427-VeryMax	8358	1031	7	2227	63	385
QF_NIA_20170427-VeryMax__From_T2__foo.t2__terminationS_23_0.smt2	QF_NIA/20170427-VeryMax	13	5	2	10	8	4
QF_NIA_20170427-VeryMax__From_T2__fun9.t2__p1256_edge_closing_0.smt2	QF_NIA/20170427-VeryMax	3555	270	2	540	15	185
QF_NIA_20170427-VeryMax__From_T2__fun9.t2__p1366_edge_closing_0.smt2	QF_NIA/20170427-VeryMax	67	29	2	58	12	6
QF_NIA_20170427-VeryMax__From_T2__hqr.c.i.hqr.pl.t2.nor.t2.rlgfixed.t2_fixed__terminationS_49_0.smt2	QF_NIA/20170427-VeryMax	4	1	2	2	6	4
QF_NIA_20170427-VeryMax__From_T2__hqr.c.i.hqr.pl.t2.nor.t2.rlgfixed.t2_fixed__terminationS_61_0.smt2	QF_NIA/20170427-VeryMax	245	36	2	72	18	66
QF_NIA_20170427-VeryMax__From_T2__janne_complex.t2__p2259_terminationG_0.smt2	QF_NIA/20170427-VeryMax	56	20	2	40	47	12
QF_NIA_20170427-VeryMax__From_T2__matmul.t2__p2657_terminationG_0.smt2	QF_NIA/20170427-VeryMax	61	24	2	48	7	10
QF_NIA_20170427-VeryMax__From_T2__n-7.t2_fixed__p4908_terminationG_0.smt2	QF_NIA/20170427-VeryMax	53	9	6	24	35	24
QF_NIA_20170427-VeryMax__From_T2__s1-striped.t2__p12567_safety_0.smt2	QF_NIA/20170427-VeryMax	16	6	2	12	9	5
QF_NIA_20170427-VeryMax__From_T2__s1-striped.t2__p13166_safety_0.smt2	QF_NIA/20170427-VeryMax	33	5	2	10	7	12
QF_NIA_20170427-VeryMax__From_T2__s1-striped.t2__p13877_safety_0.smt2	QF_NIA/20170427-VeryMax	22	5	2	10	7	6
QF_NIA_20170427-VeryMax__From_T2__s1.t2_fixed__p16651_safety_0.smt2	QF_NIA/20170427-VeryMax	1	1	2	2	7	1
QF_NIA_20170427-VeryMax__From_T2__s1.t2_fixed__p17151_safety_0.smt2	QF_NIA/20170427-VeryMax	3393	952	8	2085	66	176
QF_NIA_20170427-VeryMax__From_T2__slayer-3-filtered.t2__p21681_safety_0.smt2	QF_NIA/20170427-VeryMax	10928	1540	10	3217	197	346
QF_NIA_20170427-VeryMax__From_T2__slayer-3-filtered.t2__p21744_safety_0.smt2	QF_NIA/20170427-VeryMax	114	57	5	127	28	7
QF_NIA_20170427-VeryMax__From_T2__slayer-3-new.t2_fixed__p21823_safety_0.smt2	QF_NIA/20170427-VeryMax	24	10	2	20	7	4
QF_NIA_20170427-VeryMax__From_T2__slayer-n5-filtered.t2__p23330_terminationG_0.smt2	QF_NIA/20170427-VeryMax	3	2	2	4	13	2
QF_NIA_20170427-VeryMax__From_T2__slayer-n5-filtered.t2__p23398_safety_0.smt2	QF_NIA/20170427-VeryMax	1433	397	4	809	35	40
QF_NIA_20170427-VeryMax__From_T2__svdcmp.t2_fixed__term_unfeasibility_11_0.smt2	QF_NIA/20170427-VeryMax	37	10	2	20	12	8
QF_NIA_20170427-VeryMax__From_T2__zlib-adler32.c.t2__p25934_safety_0.smt2	QF_NIA/20170427-VeryMax	103	17	2	34	11	44
QF_NIA_20170427-VeryMax__Stroeder_15__4NestedWith3Variables_true-termination.c__p20203_terminationG_0.smt2	QF_NIA/20170427-VeryMax	9733	1131	15	2614	226	482
QF_NIA_20170427-VeryMax__Stroeder_15__GulwaniJainKoskinen-PLDI2009-Fig1_true-termination.c__p23679_edge_closing_0.smt2	QF_NIA/20170427-VeryMax	25	10	10	30	77	6
QF_NIA_20170427-VeryMax__Stroeder_15__GulwaniJainKoskinen-PLDI2009-Fig1_true-termination.c__p23704_edge_closing_0.smt2	QF_NIA/20170427-VeryMax	4	2	2	4	8	2
QF_NIA_20170427-VeryMax__Stroeder_15__svcomp_ex2.c__p25876_terminationG_0.smt2	QF_NIA/20170427-VeryMax	3	2	2	4	5	2
QF_NIA_20170427-VeryMax__Stroeder_15__svcomp_ex2.c__p25913_terminationG_0.smt2	QF_NIA/20170427-VeryMax	828	315	7	645	49	62
QF_NIA_20210219-Dartagnan__lcm2_unwindbound10-O0.smt2	QF_NIA/20210219-Dartagnan	1	1	2	2	6	1
QF_NIA_20220315-MathProblems__MS_07.smt2	QF_NIA/20220315-MathProblems	9887	2246	2	4492	23	303
QF_NIA_20220315-MathProblems__SF_11.smt2	QF_NIA/20220315-MathProblems	8	3	5	15	39	5
QF_NIA_20220315-MathProblems__STC_0030.smt2	QF_NIA/20220315-MathProblems	982884	9776	3	29324	19	106275
QF_NIA_20220315-MathProblems__STC_0148.smt2	QF_NIA/20220315-MathProblems	914658	9268	3	27800	18	94060
QF_NIA_20220315-MathProblems__STC_0157.smt2	QF_NIA/20220315-MathProblems	985871	12126	3	36375	19	73520
QF_NIA_20220315-MathProblems__STC_0173.smt2	QF_NIA/20220315-MathProblems	883478	11220	3	33652	19	59576
QF_NIA_20220315-MathProblems__STC_0176.smt2	QF_NIA/20220315-MathProblems	911588	10119	3	30354	19	63080
QF_NIA_20220315-MathProblems__STC_0183.smt2	QF_NIA/20220315-MathProblems	912892	10137	3	30408	19	63047
QF_NIA_20220315-MathProblems__STC_0187.smt2	QF_NIA/20220315-MathProblems	917836	10566	3	31695	20	59665
QF_NIA_20220315-MathProblems__STC_0189.smt2	QF_NIA/20220315-MathProblems	35	7	3	19	10	13
QF_NIA_20220315-MathProblems__STC_0205.smt2	QF_NIA/20220315-MathProblems	1048075	572	3	1598	24	76839
QF_NIA_20220315-MathProblems__STC_0340.smt2	QF_NIA/20220315-MathProblems	1149725	698	3	1956	25	83424
QF_NIA_20220315-MathProblems__STC_0385.smt2	QF_NIA/20220315-MathProblems	941485	569	3	1595	25	77009
QF_NIA_20220315-MathProblems__STC_0388.smt2	QF_NIA/20220315-MathProblems	1163475	778	3	2219	25	192587
QF_NIA_20220315-MathProblems__STC_0456.smt2	QF_NIA/20220315-MathProblems	1052929	648	3	1814	25	86589
QF_NIA_20220315-MathProblems__STC_0493.smt2	QF_NIA/20220315-MathProblems	1119365	724	3	2022	27	92750
QF_NIA_20220315-MathProblems__STC_0541.smt2	QF_NIA/20220315-MathProblems	1054909	695	3	1977	25	142873
QF_NIA_20220315-MathProblems__STC_0563.smt2	QF_NIA/20220315-MathProblems	982321	14000	3	41992	20	68586
QF_NIA_20220315-MathProblems__STC_0584.smt2	QF_NIA/20220315-MathProblems	1159174	654	3	1871	23	133936
QF_NIA_20220315-MathProblems__STC_0609.smt2	QF_NIA/20220315-MathProblems	882853	2347	3	6431	35	80623
QF_NIA_20220315-MathProblems__STC_0629.smt2	QF_NIA/20220315-MathProblems	982404	551	3	1574	26	136523
QF_NIA_20220315-MathProblems__STC_0650.smt2	QF_NIA/20220315-MathProblems	870690	10717	3	32148	19	87129
QF_NIA_20220315-MathProblems__STC_0693.smt2	QF_NIA/20220315-MathProblems	843205	9615	3	28842	19	108331
QF_NIA_20220315-MathProblems__STC_0707.smt2	QF_NIA/20220315-MathProblems	814001	9590	3	28767	19	100355
QF_NIA_20220315-MathProblems__STC_0739.smt2	QF_NIA/20220315-MathProblems	1113063	504	3	1441	20	152234
QF_NIA_20220315-MathProblems__STC_0755.smt2	QF_NIA/20220315-MathProblems	990313	767	3	2132	23	170726
QF_NIA_20220315-MathProblems__STC_0770.smt2	QF_NIA/20220315-MathProblems	814219	10730	3	32189	19	98558
QF_NIA_20220315-MathProblems__STC_0903.smt2	QF_NIA/20220315-MathProblems	859055	8958	3	26871	18	66646
QF_NIA_20220315-MathProblems__STC_0959.smt2	QF_NIA/20220315-MathProblems	833639	10641	3	31922	19	63064
QF_NIA_20220315-MathProblems__STC_1000.smt2	QF_NIA/20220315-MathProblems	9	2	3	6	10	5
QF_NIA_20230321-UltimateAutomizerSvcomp2023__egcd.c_1.smt2	QF_NIA/20230321-UltimateAutomizerSvcomp2023	42	6	3	13	15	15
QF_NIA_20230321-UltimateAutomizerSvcomp2023__ps5-ll.c_10.smt2	QF_NIA/20230321-UltimateAutomizerSvcomp2023	773635	1557	5	6919	68	14270
QF_NIA_20230321-UltimateAutomizerSvcomp2023__ps6.c_0.smt2	QF_NIA/20230321-UltimateAutomizerSvcomp2023	340165	1430	6	5928	37	3494
QF_NIA_20230321-UltimateAutomizerSvcomp2023__ps6.c_11.smt2	QF_NIA/20230321-UltimateAutomizerSvcomp2023	383003	835	6	4415	31	4000
QF_NIA_20230321-UltimateAutomizerSvcomp2023__ps6.c_13.smt2	QF_NIA/20230321-UltimateAutomizerSvcomp2023	313729	2475	6	10455	71	1987
QF_NIA_20230328-sqrtmodinv-hoenicke__modInv16.smt2	QF_NIA/20230328-sqrtmodinv-hoenicke	20860	4109	10	16153	139	210
QF_NIA_20230328-sqrtmodinv-hoenicke__modInv32.smt2	QF_NIA/20230328-sqrtmodinv-hoenicke	16	5	8	40	122	10
QF_NIA_20230328-sqrtmodinv-hoenicke__modInv8.smt2	QF_NIA/20230328-sqrtmodinv-hoenicke	398446	32690	8	67179	952	17486
QF_NIA_20230328-sqrtmodinv-hoenicke__modInvInitial.smt2	QF_NIA/20230328-sqrtmodinv-hoenicke	313753	1406	2	2812	14	22313
QF_NIA_20230328-sqrtmodinv-hoenicke__modInvStep.smt2	QF_NIA/20230328-sqrtmodinv-hoenicke	320261	28969	6	58390	67	5604
QF_NIA_20230328-sqrtmodinv-hoenicke__modInvStepSimplified.smt2	QF_NIA/20230328-sqrtmodinv-hoenicke	1183121	1420	2	2840	14	25803
QF_NIA_20230328-sqrtmodinv-hoenicke__modInvVar1.smt2	QF_NIA/20230328-sqrtmodinv-hoenicke	459157	40086	6	80219	48	19678
QF_NIA_20230328-sqrtmodinv-hoenicke__modSimpleTest.smt2	QF_NIA/20230328-sqrtmodinv-hoenicke	2	1	2	2	8	2
QF_NIA_20230328-sqrtmodinv-hoenicke__sqrtStep1.smt2	QF_NIA/20230328-sqrtmodinv-hoenicke	233	57	4	134	49	18
QF_NIA_20230328-sqrtmodinv-hoenicke__sqrtStep1a.smt2	QF_NIA/20230328-sqrtmodinv-hoenicke	233	57	4	134	49	18
QF_NIA_20230328-sqrtmodinv-hoenicke__sqrtStep2.smt2	QF_NIA/20230328-sqrtmodinv-hoenicke	192	45	4	92	20	18
QF_NIA_20230328-sqrtmodinv-hoenicke__sqrtStep2a.smt2	QF_NIA/20230328-sqrtmodinv-hoenicke	192	45	4	92	20	18
QF_NIA_20230328-sqrtmodinv-hoenicke__sqrtStep3.smt2	QF_NIA/20230328-sqrtmodinv-hoenicke	213	53	4	114	41	13
QF_NIA_20230328-sqrtmodinv-hoenicke__sqrtStep3a.smt2	QF_NIA/20230328-sqrtmodinv-hoenicke	153	63	4	136	64	9
QF_NIA_20230328-sqrtmodinv-hoenicke__sqrtStep4.smt2	QF_NIA/20230328-sqrtmodinv-hoenicke	135	37	4	78	54	10
QF_NIA_20230328-sqrtmodinv-hoenicke__sqrtStep4a.smt2	QF_NIA/20230328-sqrtmodinv-hoenicke	292	66	4	142	48	15
QF_NIA_20230328-sqrtmodinv-hoenicke__sqrtStep5.smt2	QF_NIA/20230328-sqrtmodinv-hoenicke	139	46	4	98	76	8
QF_NIA_20230328-sqrtmodinv-hoenicke__sqrtStep5a.smt2	QF_NIA/20230328-sqrtmodinv-hoenicke	292	66	4	142	92	15
QF_NIA_20230328-sqrtmodinv-hoenicke__sqrtStep6.smt2	QF_NIA/20230328-sqrtmodinv-hoenicke	139	46	4	98	141	8
QF_NIA_20230328-sqrtmodinv-hoenicke__sqrtStep6a.smt2	QF_NIA/20230328-sqrtmodinv-hoenicke	277	59	4	130	215	15
QF_NIA_20230328-sqrtmodinv-hoenicke__sqrtStep7.smt2	QF_NIA/20230328-sqrtmodinv-hoenicke	635	98	4	224	463	174
QF_NIA_20230328-sqrtmodinv-hoenicke__sqrtStep7a.smt2	QF_NIA/20230328-sqrtmodinv-hoenicke	277	59	4	130	430	15
QF_NIA_20230328-sqrtmodinv-hoenicke__sqrtStepFinal.smt2	QF_NIA/20230328-sqrtmodinv-hoenicke	1156671	3359	2	6718	234	73925
QF_NIA_20230328-sqrtmodinv-hoenicke__sqrtStepFinala.smt2	QF_NIA/20230328-sqrtmodinv-hoenicke	831074	19825	4	39652	312	31986
QF_NIA_20250331-elster__C_2.smt2	QF_NIA/20250331-elster	2	1	2	2	8	2
QF_NIA_AProVE__aproveSMT1273731352138297194.smt2	QF_NIA/AProVE	1746	122	20	358	114	220
QF_NIA_AProVE__aproveSMT1682483342197094972.smt2	QF_NIA/AProVE	193	21	5	70	22	65
QF_NIA_AProVE__aproveSMT2104748456448998709.smt2	QF_NIA/AProVE	563	131	12	385	123	122
QF_NIA_AProVE__aproveSMT2163640444650240229.smt2	QF_NIA/AProVE	221	47	6	118	22	47
QF_NIA_AProVE__aproveSMT3306422790231477425.smt2	QF_NIA/AProVE	2391	143	9	617	219	398
QF_NIA_AProVE__aproveSMT3420388863619787077.smt2	QF_NIA/AProVE	139	47	17	117	131	13
QF_NIA_AProVE__aproveSMT3483701614621556321.smt2	QF_NIA/AProVE	58	13	8	36	25	20
QF_NIA_AProVE__aproveSMT3711749212931521777.smt2	QF_NIA/AProVE	762	137	4	296	82	44
QF_NIA_AProVE__aproveSMT4239815710630693785.smt2	QF_NIA/AProVE	15	4	4	11	10	8
QF_NIA_AProVE__aproveSMT4709971078612194434.smt2	QF_NIA/AProVE	1090	253	11	599	100	32
QF_NIA_AProVE__aproveSMT4870145291684036249.smt2	QF_NIA/AProVE	125	29	4	60	18	20
QF_NIA_AProVE__aproveSMT4968692977299917888.smt2	QF_NIA/AProVE	64	25	3	51	10	7
QF_NIA_AProVE__aproveSMT4972425496508857728.smt2	QF_NIA/AProVE	46	19	4	40	16	7
QF_NIA_AProVE__aproveSMT5081480561387483523.smt2	QF_NIA/AProVE	15	7	4	19	12	3
QF_NIA_AProVE__aproveSMT6061013276766078350.smt2	QF_NIA/AProVE	1477	246	12	719	162	60
QF_NIA_AProVE__aproveSMT6531155344723557531.smt2	QF_NIA/AProVE	3114	418	8	950	107	226
QF_NIA_AProVE__aproveSMT6744620754635880037.smt2	QF_NIA/AProVE	220	35	10	92	45	74
QF_NIA_AProVE__aproveSMT6761189929823789229.smt2	QF_NIA/AProVE	669	51	6	127	44	259
QF_NIA_AProVE__aproveSMT7934578101815516403.smt2	QF_NIA/AProVE	1000	167	8	419	28	92
QF_NIA_AProVE__aproveSMT8211259659113423333.smt2	QF_NIA/AProVE	18	6	2	12	8	8
QF_NIA_AProVE__aproveSMT8505973648273075649.smt2	QF_NIA/AProVE	4069	436	15	1110	71	580
QF_NIA_AProVE__aproveSMT9058095127082541976.smt2	QF_NIA/AProVE	3362	198	25	740	82	447
QF_NIA_leipzig__term-4AzLVe.smt2	QF_NIA/leipzig	24	2	3	6	9	21
QF_NIA_leipzig__term-4LNX6G.smt2	QF_NIA/leipzig	28	10	2	20	10	10
QF_NIA_leipzig__term-BWHEfg.smt2	QF_NIA/leipzig	125	14	7	36	18	34
QF_NIA_leipzig__term-H9wl52.smt2	QF_NIA/leipzig	2	1	2	2	6	2
QF_NIA_leipzig__term-bEER96.smt2	QF_NIA/leipzig	1423	44	6	114	18	477
QF_NIA_leipzig__term-ddoFAO.smt2	QF_NIA/leipzig	687	20	32	93	151	327
QF_NIA_leipzig__term-f2cozZ.smt2	QF_NIA/leipzig	3	2	2	4	7	2
QF_NIA_leipzig__term-gHq3ie.smt2	QF_NIA/leipzig	490	20	3	43	10	103
QF_NIA_leipzig__term-ye1ece.smt2	QF_NIA/leipzig	1	1	2	2	6	1
QF_NIA_mcm__10.smt2	QF_NIA/mcm	11	1	2	2	6	11
QF_NIA_mcm__23.smt2	QF_NIA/mcm	13	1	2	2	6	13
QF_NIA_mcm__41.smt2	QF_NIA/mcm	13	1	2	2	6	13
QF_NIA_mcm__52.smt2	QF_NIA/mcm	24	1	2	2	6	24
QF_NIA_mcm__81.smt2	QF_NIA/mcm	19	1	2	2	6	19
QF_NIA_mcm__89.smt2	QF_NIA/mcm	12	1	2	2	6	12
QF_NIA_mcm__94.smt2	QF_NIA/mcm	22	1	2	2	6	22
QF_NRA_20161105-Sturm-MBO__mbo_E10E25.smt2	QF_NRA/20161105-Sturm-MBO	12	3	2	6	11	8
QF_NRA_20161105-Sturm-MBO__mbo_E11E13.smt2	QF_NRA/20161105-Sturm-MBO	10	2	3	6	20	8
QF_NRA_20161105-Sturm-MBO__mbo_E12E17.smt2	QF_NRA/20161105-Sturm-MBO	6	2	4	8	33	4
QF_NRA_20161105-Sturm-MBO__mbo_E15E24.smt2	QF_NRA/20161105-Sturm-MBO	10	2	4	8	34	8
QF_NRA_20161105-Sturm-MBO__mbo_E1E22.smt2	QF_NRA/20161105-Sturm-MBO	10	2	4	8	26	8
QF_NRA_20161105-Sturm-MBO__mbo_E20E21.smt2	QF_NRA/20161105-Sturm-MBO	110	10	3	21	14	78
QF_NRA_20161105-Sturm-MBO__mbo_E24E25.smt2	QF_NRA/20161105-Sturm-MBO	4	1	2	2	5	4
QF_NRA_20161105-Sturm-MBO__mbo_E25E26.smt2	QF_NRA/20161105-Sturm-MBO	201	27	15	112	173	34
QF_NRA_20161105-Sturm-MBO__mbo_E2E7.smt2	QF_NRA/20161105-Sturm-MBO	12	4	4	12	22	6
QF_NRA_20161105-Sturm-MBO__mbo_E3E27.smt2	QF_NRA/20161105-Sturm-MBO	20065	157	18	509	213	5905
QF_NRA_20161105-Sturm-MBO__mbo_E3E9.smt2	QF_NRA/20161105-Sturm-MBO	6	2	4	8	41	4
QF_NRA_20161105-Sturm-MBO__mbo_E4E13.smt2	QF_NRA/20161105-Sturm-MBO	10	3	8	16	65	6
QF_NRA_20161105-Sturm-MBO__mbo_E5E12.smt2	QF_NRA/20161105-Sturm-MBO	3	1	4	4	38	3
QF_NRA_20161105-Sturm-MBO__mbo_E5E16.smt2	QF_NRA/20161105-Sturm-MBO	12	5	3	13	17	4
QF_NRA_20161105-Sturm-MBO__mbo_E5E19.smt2	QF_NRA/20161105-Sturm-MBO	6	2	4	7	37	4
QF_NRA_20161105-Sturm-MBO__mbo_E6E14.smt2	QF_NRA/20161105-Sturm-MBO	2	1	4	4	38	2
QF_NRA_20161105-Sturm-MBO__mbo_E6E17.smt2	QF_NRA/20161105-Sturm-MBO	37390	283	24	848	1125	12780
QF_NRA_20161105-Sturm-MBO__mbo_E8E19.smt2	QF_NRA/20161105-Sturm-MBO	10	2	4	8	34	8
QF_NRA_20161105-Sturm-MBO__mbo_E8E9.smt2	QF_NRA/20161105-Sturm-MBO	10	2	4	8	37	8
QF_NRA_20161105-Sturm-MGC__mgc_02.smt2	QF_NRA/20161105-Sturm-MGC	42	8	8	30	51	26
QF_NRA_20161105-Sturm-MGC__mgc_03.smt2	QF_NRA/20161105-Sturm-MGC	40	7	8	30	68	26
QF_NRA_20161105-Sturm-MGC__mgc_04.smt2	QF_NRA/20161105-Sturm-MGC	38	6	8	28	63	26
QF_NRA_20161105-Sturm-MGC__mgc_05.smt2	QF_NRA/20161105-Sturm-MGC	40	7	8	30	83	26
QF_NRA_20161105-Sturm-MGC__mgc_06.smt2	QF_NRA/20161105-Sturm-MGC	66	8	4	20	27	26
QF_NRA_20161105-Sturm-MGC__mgc_07.smt2	QF_NRA/20161105-Sturm-MGC	40	7	8	30	93	26
QF_NRA_20161105-Sturm-MGC__mgc_08.smt2	QF_NRA/20161105-Sturm-MGC	42	8	8	30	81	26
QF_NRA_20161105-Sturm-MGC__mgc_09.smt2	QF_NRA/20161105-Sturm-MGC	149	15	8	49	101	75
QF_NRA_20161105-Sturm-MGC__mgc_10.smt2	QF_NRA/20161105-Sturm-MGC	116	11	8	43	98	64
QF_NRA_20170501-Heizmann-UltimateInvariantSynthesis__array_ptr_single_elem_init.i_4_2_2.bpl_5.smt2	QF_NRA/20170501-Heizmann-UltimateInvariantSynthesis	193	17	3	35	30	53
QF_NRA_20170501-Heizmann-UltimateInvariantSynthesis__array_single_elem_init.i_4_2_2.bpl_5.smt2	QF_NRA/20170501-Heizmann-UltimateInvariantSynthesis	415	32	2	64	34	160
QF_NRA_20170501-Heizmann-UltimateInvariantSynthesis__gj2007.c.i_4_3_3.bpl_5.smt2	QF_NRA/20170501-Heizmann-UltimateInvariantSynthesis	80565	2242	8	5169	265	5862
QF_NRA_20170501-Heizmann-UltimateInvariantSynthesis__gr2006.c.i_4_4_3.bpl_5.smt2	QF_NRA/20170501-Heizmann-UltimateInvariantSynthesis	51801	654	10	1509	166	13741
QF_NRA_20170501-Heizmann-UltimateInvariantSynthesis__linear_search.i_7_23_3.bpl_3.smt2	QF_NRA/20170501-Heizmann-UltimateInvariantSynthesis	8664	370	4	758	310	1239
QF_NRA_20170501-Heizmann-UltimateInvariantSynthesis__standard_copy1_ground.i_3_2_2.bpl_9.smt2	QF_NRA/20170501-Heizmann-UltimateInvariantSynthesis	53172	963	5	1956	184	22342
QF_NRA_20170501-Heizmann-UltimateInvariantSynthesis__standard_copy3_ground.i_3_2_2.bpl_5.smt2	QF_NRA/20170501-Heizmann-UltimateInvariantSynthesis	19688	129	2	258	66	10298
QF_NRA_20170501-Heizmann-UltimateInvariantSynthesis__standard_init9_ground.i_3_2_2.bpl_3.smt2	QF_NRA/20170501-Heizmann-UltimateInvariantSynthesis	9000	341	8	741	3095	5131
QF_NRA_2019-ezsmt__inst_1_1000000.smt2	QF_NRA/2019-ezsmt	28670	162	4	326	38	10955
QF_NRA_20200911-Pine__1599121684477306000.smt2	QF_NRA/20200911-Pine	33	14	4	36	77	6
QF_NRA_20200911-Pine__1599121684653478000.smt2	QF_NRA/20200911-Pine	22	10	4	24	71	4
QF_NRA_20200911-Pine__1599121861020640000.smt2	QF_NRA/20200911-Pine	1	1	2	2	20	1
QF_NRA_20200911-Pine__1599121889458073000.smt2	QF_NRA/20200911-Pine	165	47	8	122	473	12
QF_NRA_20200911-Pine__1599121899872501000.smt2	QF_NRA/20200911-Pine	33	15	20	65	1292	8
QF_NRA_20200911-Pine__1599121900961647000.smt2	QF_NRA/20200911-Pine	43	17	10	79	635	9
QF_NRA_20200911-Pine__1599121904275696000.smt2	QF_NRA/20200911-Pine	41	17	20	77	1406	9
QF_NRA_20200911-Pine__1599121979753628000.smt2	QF_NRA/20200911-Pine	66	27	4	58	155	11
QF_NRA_20200911-Pine__1599122159324430000.smt2	QF_NRA/20200911-Pine	8	6	4	14	124	3
QF_NRA_20200911-Pine__1599122159846134000.smt2	QF_NRA/20200911-Pine	10	7	4	16	135	3
QF_NRA_20200911-Pine__1599122162465867000.smt2	QF_NRA/20200911-Pine	6	5	2	10	51	2
QF_NRA_20200911-Pine__1599122162569064000.smt2	QF_NRA/20200911-Pine	2	2	2	4	43	1
QF_NRA_20200911-Pine__1599122163190413000.smt2	QF_NRA/20200911-Pine	6	5	2	10	50	2
QF_NRA_20200911-Pine__1599122163683961000.smt2	QF_NRA/20200911-Pine	10	7	4	16	135	3
QF_NRA_20200911-Pine__1599122165140235000.smt2	QF_NRA/20200911-Pine	6	5	2	10	52	2
QF_NRA_20200911-Pine__1599122166207559000.smt2	QF_NRA/20200911-Pine	6	5	2	10	50	2
QF_NRA_20211101-Geogebra__IsoRightTriangle-Bottema1_12b.smt2	QF_NRA/20211101-Geogebra	3	2	2	4	8	2
QF_NRA_20211101-Geogebra__IsoRightTriangle-Bottema1_2b.smt2	QF_NRA/20211101-Geogebra	3	2	2	4	9	2
QF_NRA_20211101-Geogebra__IsoTriangle-Area_Perimeter_a.smt2	QF_NRA/20211101-Geogebra	2	2	2	4	8	1
QF_NRA_20211101-Geogebra__IsoTriangle-Bottema6_1a.smt2	QF_NRA/20211101-Geogebra	7	6	4	14	16	2
QF_NRA_20211101-Geogebra__IsoTriangle-Bottema6_1b.smt2	QF_NRA/20211101-Geogebra	18	10	4	22	16	6
QF_NRA_20211101-Geogebra__IsoTriangle-Median_Perimeter_a2.smt2	QF_NRA/20211101-Geogebra	5	4	4	10	19	2
QF_NRA_20211101-Geogebra__IsoTriangle-Perimeter_CircumRadius_a.smt2	QF_NRA/20211101-Geogebra	24	11	2	22	12	4
QF_NRA_20211101-Geogebra__PythagoreanGeneralization_Triangle-aa+bb_cc.smt2	QF_NRA/20211101-Geogebra	2	2	2	4	6	1
QF_NRA_20211101-Geogebra__RightTriangle-Bottema1_1b.smt2	QF_NRA/20211101-Geogebra	2	2	2	4	8	1
QF_NRA_20211101-Geogebra__RightTriangle-Bottema5_3b.smt2	QF_NRA/20211101-Geogebra	7	3	2	6	6	3
QF_NRA_20211101-Geogebra__Triangle-Bottema1_9.smt2	QF_NRA/20211101-Geogebra	2	2	2	4	6	1
QF_NRA_20220314-Uncu__BDC_ProveIneq_Mitrinovic_4_22b.smt2	QF_NRA/20220314-Uncu	1	1	2	2	6	1
QF_NRA_20240407-pPDA-Chiari-Pontiggia-Winkler__and_or_PRAY.smt2	QF_NRA/20240407-pPDA-Chiari-Pontiggia-Winkler	12180	579	39	1685	1442	1288
QF_NRA_20240407-pPDA-Chiari-Pontiggia-Winkler__call_ret_loop_1_POMC_hints.smt2	QF_NRA/20240407-pPDA-Chiari-Pontiggia-Winkler	75	35	6	88	1075	6
QF_NRA_20240407-pPDA-Chiari-Pontiggia-Winkler__call_ret_loop_1_POMC_no_hints.smt2	QF_NRA/20240407-pPDA-Chiari-Pontiggia-Winkler	394	53	32	164	823	80
QF_NRA_20240407-pPDA-Chiari-Pontiggia-Winkler__call_ret_loop_2_POMC_hints.smt2	QF_NRA/20240407-pPDA-Chiari-Pontiggia-Winkler	86	37	6	92	1075	6
QF_NRA_20240407-pPDA-Chiari-Pontiggia-Winkler__call_ret_loop_2_POMC_no_hints.smt2	QF_NRA/20240407-pPDA-Chiari-Pontiggia-Winkler	406	58	32	174	823	80
QF_NRA_20240407-pPDA-Chiari-Pontiggia-Winkler__escape25_POMC_hints.smt2	QF_NRA/20240407-pPDA-Chiari-Pontiggia-Winkler	743	179	8	422	6866	142
QF_NRA_20240407-pPDA-Chiari-Pontiggia-Winkler__escape25_POMC_no_hints.smt2	QF_NRA/20240407-pPDA-Chiari-Pontiggia-Winkler	1021	353	5	757	765	28
QF_NRA_20240407-pPDA-Chiari-Pontiggia-Winkler__mod5_POMC_hints.smt2	QF_NRA/20240407-pPDA-Chiari-Pontiggia-Winkler	49	20	16	90	3389	10
QF_NRA_20240407-pPDA-Chiari-Pontiggia-Winkler__mod5_POMC_no_hints.smt2	QF_NRA/20240407-pPDA-Chiari-Pontiggia-Winkler	13	10	2	20	14	2
QF_NRA_20240407-pPDA-Chiari-Pontiggia-Winkler__mod7_POMC_no_hints.smt2	QF_NRA/20240407-pPDA-Chiari-Pontiggia-Winkler	13	8	2	16	11	3
QF_NRA_20240407-pPDA-Chiari-Pontiggia-Winkler__schelling_POMC_hints.smt2	QF_NRA/20240407-pPDA-Chiari-Pontiggia-Winkler	646	172	10	439	1190	29
QF_NRA_20240407-pPDA-Chiari-Pontiggia-Winkler__schelling_POMC_no_hints.smt2	QF_NRA/20240407-pPDA-Chiari-Pontiggia-Winkler	97454	806	23	2223	1219	30020
QF_NRA_20240407-pPDA-Chiari-Pontiggia-Winkler__sqrt2by2_bern_PRAY.smt2	QF_NRA/20240407-pPDA-Chiari-Pontiggia-Winkler	166	24	12	108	85	66
QF_NRA_LassoRanker__Ben-Amram-2010LMCS-Ex2.3_true-termination.c_Iteration1_Lasso_3-pieceTemplate.smt2	QF_NRA/LassoRanker	62	14	2	28	9	12
QF_NRA_LassoRanker__BradleyMannaSipma-2005ICALP-Fig1-deterministic.bpl_Iteration1_Lasso_3-pieceTemplate.smt2	QF_NRA/LassoRanker	1859	153	12	492	207	201
QF_NRA_LassoRanker__Braverman-2006CAV-Ex1-int.bpl_Iteration1_Loop_4-pieceTemplate.smt2	QF_NRA/LassoRanker	1365	20	6	46	98	634
QF_NRA_LassoRanker__Khartoum.bpl_Iteration1_Loop_4-pieceTemplate.smt2	QF_NRA/LassoRanker	44706	2921	12	7832	118	4085
QF_NRA_LassoRanker__Mysore2.bpl_Iteration1_Loop_4-pieceTemplate.smt2	QF_NRA/LassoRanker	8253	285	4	604	28	439
QF_NRA_LassoRanker__NoriSharma-2013FSE-Fig8_true-termination.c_Iteration1_Lasso_3-pieceTemplate.smt2	QF_NRA/LassoRanker	24879	1921	15	4496	262	504
QF_NRA_LassoRanker__NoriSharma-2013FSE-Fig8_true-termination.c_Iteration1_Loop_3-pieceTemplate.smt2	QF_NRA/LassoRanker	290	27	5	67	54	26
QF_NRA_LassoRanker__TwoPhase.bpl_Iteration1_Loop_3-pieceTemplate.smt2	QF_NRA/LassoRanker	24181	1304	4	2718	18	841
QF_NRA_LassoRanker__fun4.t2.c_Iteration1_Loop_4-pieceTemplate.smt2	QF_NRA/LassoRanker	21	6	2	12	9	9
QF_NRA_LassoRanker__nested.t2.c_Iteration4_Loop_4-pieceTemplate.smt2	QF_NRA/LassoRanker	297	25	2	50	9	40
QF_NRA_UltimateAutomizer__InVarSynth_StructPositiveSum-Safe.c_Iteration2_0.smt2	QF_NRA/UltimateAutomizer	1184	124	4	250	32	130
QF_NRA_hycomp__ball_count_1d_plain.02.seq_lazy_linear_enc_lemmas_global_8.smt2	QF_NRA/hycomp	61	15	2	30	17	11
QF_NRA_hycomp__ball_count_1d_plain.03.seq_lazy_linear_enc_global_10.smt2	QF_NRA/hycomp	4771	257	4	520	47	1803
QF_NRA_hycomp__ball_count_1d_plain.04.redlog_global_6.smt2	QF_NRA/hycomp	32361	1811	24	4322	1081	1152
QF_NRA_hycomp__ball_count_1d_plain.04.seq_lazy_linear_enc_lemmas_global_12.smt2	QF_NRA/hycomp	111434	1382	4	2900	73	22603
QF_NRA_hycomp__ball_count_2d_hill_simple.01.seq_lazy_global_14.smt2	QF_NRA/hycomp	12	5	2	10	7	5
QF_NRA_hycomp__ball_count_2d_hill_simple.02.seq_lazy_lemmas_global_14.smt2	QF_NRA/hycomp	1745	107	2	214	14	186
QF_NRA_hycomp__ball_count_2d_plain.03.seq_lazy_linear_enc_lemmas_global_4.smt2	QF_NRA/hycomp	24301	230	8	638	45	4483
QF_NRA_hycomp__ball_count_2d_plain.05.seq_lazy_linear_enc_global_14.smt2	QF_NRA/hycomp	360144	4260	16	10438	194	181251
QF_NRA_hycomp__ball_count_2d_plain.10.redlog_global_4.smt2	QF_NRA/hycomp	922	24	4	60	18	413
QF_NRA_hycomp__ball_count_2d_slope.03.seq_lazy_lemmas_global_6.smt2	QF_NRA/hycomp	50358	1109	24	3210	1010	15250
QF_NRA_hycomp__ball_count_2d_slope.04.seq_lazy_linear_enc_global_8.smt2	QF_NRA/hycomp	18	8	3	17	32	6
QF_NRA_hycomp__etcs_braking_2.01.seq_lazy_linear_enc_global_15.smt2	QF_NRA/hycomp	5903	199	18	929	531	394
QF_NRA_hycomp__simple_ballistics_reach.01.seq_lazy_global_15.smt2	QF_NRA/hycomp	59788	1001	48	3347	854	8795
QF_NRA_hycomp__simple_ballistics_reach.01.seq_lazy_linear_enc_lemmas_global_9.smt2	QF_NRA/hycomp	47584	451	48	2091	1504	3967
QF_NRA_meti-tarski__CMOS-opamp-chunk-0029.smt2	QF_NRA/meti-tarski	1	1	2	2	20	1
QF_NRA_meti-tarski__CMOS-opamp-chunk-0071.smt2	QF_NRA/meti-tarski	10	3	4	8	73	6
QF_NRA_meti-tarski__CMOS-opamp-chunk-0269.smt2	QF_NRA/meti-tarski	7	2	12	14	71	5
QF_NRA_meti-tarski__CMOS-opamp-chunk-0285.smt2	QF_NRA/meti-tarski	4	3	4	8	101	2
QF_NRA_meti-tarski__Chua-1-VC1-L-chunk-0135.smt2	QF_NRA/meti-tarski	4	1	2	2	5	4
QF_NRA_meti-tarski__Chua-2-IL-U-chunk-0022.smt2	QF_NRA/meti-tarski	2	2	6	9	162	1
QF_NRA_meti-tarski__Chua-2-IL-U-chunk-0039.smt2	QF_NRA/meti-tarski	1	1	3	3	49	1
QF_NRA_meti-tarski__Chua-2-IL-U-chunk-0099.smt2	QF_NRA/meti-tarski	1	1	12	12	613	1
QF_NRA_meti-tarski__Chua-2-VC1-U-chunk-0123.smt2	QF_NRA/meti-tarski	42	2	28	30	2093	38
QF_NRA_meti-tarski__Chua-2-VC2-U-chunk-0108.smt2	QF_NRA/meti-tarski	1	1	12	12	352	1
QF_NRA_meti-tarski__Lyapunov1a-chunk-0036.smt2	QF_NRA/meti-tarski	58	17	2	34	48	14
QF_NRA_meti-tarski__Nichols-Plot-Inverted-Pendulum-Fails-1-6-chunk-0034.smt2	QF_NRA/meti-tarski	8	3	8	12	146	5
QF_NRA_meti-tarski__Nichols-Plot-Inverted-Pendulum-Fails-1-6-chunk-0234.smt2	QF_NRA/meti-tarski	2	2	8	10	146	1
QF_NRA_meti-tarski__asin-8-vars4-chunk-0029.smt2	QF_NRA/meti-tarski	8	4	2	8	22	3
QF_NRA_meti-tarski__atan-problem-1-chunk-0032.smt2	QF_NRA/meti-tarski	4	4	2	8	16	1
QF_NRA_meti-tarski__atan-problem-1-chunk-0087.smt2	QF_NRA/meti-tarski	20	13	6	36	27	4
QF_NRA_meti-tarski__atan-problem-2-chunk-0101.smt2	QF_NRA/meti-tarski	6	3	2	6	15	2
QF_NRA_meti-tarski__atan-problem-2-chunk-0107.smt2	QF_NRA/meti-tarski	2	1	2	2	5	2
QF_NRA_meti-tarski__atan-problem-2-weak-chunk-0061.smt2	QF_NRA/meti-tarski	2	1	2	2	5	2
QF_NRA_meti-tarski__atan-problem-2-weak-chunk-0100.smt2	QF_NRA/meti-tarski	5	3	2	6	8	2
QF_NRA_meti-tarski__atan-problem-2-weak-chunk-0225.smt2	QF_NRA/meti-tarski	2	1	2	2	6	2
QF_NRA_meti-tarski__atan-problem-2-weakT-chunk-0054.smt2	QF_NRA/meti-tarski	2	2	2	4	6	1
QF_NRA_meti-tarski__atan-vega-3-chunk-0434.smt2	QF_NRA/meti-tarski	2	1	2	2	8	2
QF_NRA_meti-tarski__atan-vega-3-chunk-0489.smt2	QF_NRA/meti-tarski	1	1	4	4	12	1
QF_NRA_meti-tarski__atan-vega-3-chunk-0640.smt2	QF_NRA/meti-tarski	1	1	2	2	7	1
QF_NRA_meti-tarski__atan-vega-3-weak-chunk-0195.smt2	QF_NRA/meti-tarski	5	1	2	2	11	5
QF_NRA_meti-tarski__atan-vega-3-weak-chunk-0243.smt2	QF_NRA/meti-tarski	1	1	2	2	5	1
QF_NRA_meti-tarski__atan-vega-3-weak-chunk-0360.smt2	QF_NRA/meti-tarski	1	1	2	2	8	1
QF_NRA_meti-tarski__atan-vega-3-weak-chunk-0435.smt2	QF_NRA/meti-tarski	20	3	6	15	39	9
QF_NRA_meti-tarski__atan-vega-3-weak-chunk-0622.smt2	QF_NRA/meti-tarski	1	1	6	6	19	1
QF_NRA_meti-tarski__exp-problem-10-2-chunk-0145.smt2	QF_NRA/meti-tarski	1	1	2	2	6	1
QF_NRA_meti-tarski__exp-problem-10-2-chunk-0295.smt2	QF_NRA/meti-tarski	7	4	3	9	13	3
QF_NRA_meti-tarski__exp-problem-10-3-chunk-0187.smt2	QF_NRA/meti-tarski	1	1	3	3	13	1
QF_NRA_meti-tarski__exp-problem-10-3-weak-chunk-0042.smt2	QF_NRA/meti-tarski	1	1	5	5	24	1
QF_NRA_meti-tarski__exp-problem-10-3-weak-chunk-0129.smt2	QF_NRA/meti-tarski	4	3	3	7	11	2
QF_NRA_meti-tarski__polypaver-bench-sqrt-3d-chunk-0407.smt2	QF_NRA/meti-tarski	4	1	2	2	7	4
QF_NRA_meti-tarski__polypaver-bench-sqrt-3d-chunk-0437.smt2	QF_NRA/meti-tarski	62	7	4	24	36	43
QF_NRA_meti-tarski__polypaver-bench-sqrt-3d-chunk-0469.smt2	QF_NRA/meti-tarski	6	4	2	8	15	2
QF_NRA_meti-tarski__sin-344-3-chunk-0046.smt2	QF_NRA/meti-tarski	1	1	3	3	16	1
QF_NRA_meti-tarski__sin-cos-346-b-chunk-0119.smt2	QF_NRA/meti-tarski	1	1	22	22	195	1
QF_NRA_meti-tarski__sin-cos-346-b-chunk-0350.smt2	QF_NRA/meti-tarski	1	1	4	4	20	1
QF_NRA_meti-tarski__sin-cos-346-b-chunk-0458.smt2	QF_NRA/meti-tarski	3	2	2	4	12	2
QF_NRA_meti-tarski__sin-cos-346-b-chunk-0479.smt2	QF_NRA/meti-tarski	1	1	6	6	62	1
QF_NRA_meti-tarski__sin-cos-346-b-chunk-0505.smt2	QF_NRA/meti-tarski	3	2	2	4	17	2
QF_NRA_meti-tarski__sin-cos-346-b-chunk-0515.smt2	QF_NRA/meti-tarski	10	3	8	16	37	4
QF_NRA_meti-tarski__sin-cos-346-b-chunk-0593.smt2	QF_NRA/meti-tarski	4	2	6	8	26	2
QF_NRA_meti-tarski__sin-problem-7-chunk-0017.smt2	QF_NRA/meti-tarski	3	1	2	2	6	3
QF_NRA_meti-tarski__sin-problem-7-chunk-0125.smt2	QF_NRA/meti-tarski	4	2	4	8	15	2
QF_NRA_meti-tarski__sin-problem-7-chunk-0264.smt2	QF_NRA/meti-tarski	20	11	52	112	846	2
QF_NRA_meti-tarski__sin-problem-7-weak2-chunk-0113.smt2	QF_NRA/meti-tarski	30	10	10	58	143	12
QF_NRA_meti-tarski__sqrt-1mcosq-7-chunk-0023.smt2	QF_NRA/meti-tarski	1	1	2	2	6	1
QF_NRA_meti-tarski__sqrt-1mcosq-7-chunk-0094.smt2	QF_NRA/meti-tarski	2	2	6	8	20	1
QF_NRA_meti-tarski__sqrt-1mcosq-7-chunk-0190.smt2	QF_NRA/meti-tarski	16	7	16	64	104	3
QF_NRA_meti-tarski__sqrt-1mcosq-8-chunk-0045.smt2	QF_NRA/meti-tarski	1	1	2	2	6	1
QF_NRA_meti-tarski__sqrt-1mcosq-8-chunk-0092.smt2	QF_NRA/meti-tarski	1	1	8	8	31	1
QF_NRA_meti-tarski__sqrt-1mcosq-8-chunk-0116.smt2	QF_NRA/meti-tarski	18	3	10	30	155	12
QF_NRA_meti-tarski__sqrt-1mcosq-8-chunk-0130.smt2	QF_NRA/meti-tarski	4	2	14	24	74	3
QF_NRA_meti-tarski__sqrt-1mcosq-8-chunk-0164.smt2	QF_NRA/meti-tarski	1	1	6	6	20	1
QF_NRA_meti-tarski__sqrt-1mcosq-8-chunk-0447.smt2	QF_NRA/meti-tarski	3	1	34	34	408	3
QF_NRA_meti-tarski__sqrt-1mcosq-8-chunk-0531.smt2	QF_NRA/meti-tarski	2	1	6	6	21	2
QF_NRA_meti-tarski__sqrt-1mcosq-8-chunk-0674.smt2	QF_NRA/meti-tarski	3	1	34	34	408	3
QF_NRA_meti-tarski__sqrt-problem-12vars3-chunk-0033.smt2	QF_NRA/meti-tarski	1	1	2	2	6	1
QF_NRA_meti-tarski__sqrt-problem-13-sqrt1-chunk-0051.smt2	QF_NRA/meti-tarski	1	1	2	2	7	1
QF_NRA_meti-tarski__sqrt-problem-Melquiond2-chunk-0041.smt2	QF_NRA/meti-tarski	3	3	4	8	58	1
QF_NRA_zankl__matrix-1-all-41.smt2	QF_NRA/zankl	29	6	2	12	7	10
QF_NRA_zankl__matrix-3-all-16.smt2	QF_NRA/zankl	2	1	2	2	6	2
QF_NRA_zankl__matrix-3-all-17.smt2	QF_NRA/zankl	14	2	3	6	8	7
QF_NRA_zankl__matrix-4-all-21.smt2	QF_NRA/zankl	26710	3	3	8	8	13500
QF_NRA_zankl__matrix-4-all-22.smt2	QF_NRA/zankl	77	1	2	2	6	77
